"address";"place_id";"tour_id"
"https://media-cdn.tripadvisor.com/media/attractions-splice-spp-540x360/06/e8/d5/ce.jpg";0;1
"https://media-cdn.tripadvisor.com/media/attractions-splice-spp-540x360/06/ff/fc/74.jpg";0;1
"https://media-cdn.tripadvisor.com/media/attractions-splice-spp-540x360/06/ff/fc/76.jpg";0;1
"https://media-cdn.tripadvisor.com/media/attractions-splice-spp-540x360/06/6a/ea/ab.jpg";0;2
"https://media-cdn.tripadvisor.com/media/attractions-splice-spp-540x360/06/6a/ea/ac.jpg";0;2
"https://media-cdn.tripadvisor.com/media/attractions-splice-spp-540x360/07/80/f4/be.jpg";0;2
"https://media-cdn.tripadvisor.com/media/attractions-splice-spp-540x360/06/91/60/11.jpg";0;3
"https://media-cdn.tripadvisor.com/media/attractions-splice-spp-540x360/07/19/7b/cd.jpg";0;3
"https://media-cdn.tripadvisor.com/media/attractions-splice-spp-540x360/07/39/bf/bf.jpg";0;3
"https://media-cdn.tripadvisor.com/media/attractions-splice-spp-540x360/07/ad/b9/4f.jpg";0;4
"https://media-cdn.tripadvisor.com/media/attractions-splice-spp-540x360/07/ad/b9/43.jpg";0;4
"https://media-cdn.tripadvisor.com/media/attractions-splice-spp-540x360/07/ad/b9/75.jpg";0;4
"https://media-cdn.tripadvisor.com/media/attractions-splice-spp-540x360/07/73/f9/43.jpg";0;8
"https://media-cdn.tripadvisor.com/media/attractions-splice-spp-540x360/07/73/f9/42.jpg";0;8
"https://media-cdn.tripadvisor.com/media/attractions-splice-spp-540x360/07/b5/67/7c.jpg";0;8
"https://media-cdn.tripadvisor.com/media/attractions-splice-spp-540x360/07/af/d0/2c.jpg";0;9
"https://media-cdn.tripadvisor.com/media/attractions-splice-spp-540x360/07/af/d0/2b.jpg";0;9
"https://media-cdn.tripadvisor.com/media/attractions-splice-spp-540x360/07/83/45/2c.jpg";0;9
"https://media-cdn.tripadvisor.com/media/attractions-splice-spp-540x360/06/96/48/ec.jpg";0;10
"https://media-cdn.tripadvisor.com/media/attractions-splice-spp-540x360/06/96/48/eb.jpg";0;10
"https://media-cdn.tripadvisor.com/media/attractions-splice-spp-540x360/06/6a/d7/49.jpg";0;11
"https://media-cdn.tripadvisor.com/media/attractions-splice-spp-540x360/06/6a/d7/48.jpg";0;11
"https://media-cdn.tripadvisor.com/media/attractions-splice-spp-540x360/06/75/62/67.jpg";0;12
"https://media-cdn.tripadvisor.com/media/attractions-splice-spp-540x360/06/75/62/4b.jpg";0;12
"https://media-cdn.tripadvisor.com/media/attractions-splice-spp-540x360/07/b7/e1/b4.jpg";0;12
"https://media-cdn.tripadvisor.com/media/attractions-splice-spp-540x360/07/38/2f/42.jpg";0;13
"https://media-cdn.tripadvisor.com/media/attractions-splice-spp-540x360/07/38/2f/41.jpg";0;13
"https://media-cdn.tripadvisor.com/media/attractions-splice-spp-540x360/07/1a/07/1d.jpg";0;14
"https://media-cdn.tripadvisor.com/media/attractions-splice-spp-540x360/07/1a/07/17.jpg";0;14
"https://media-cdn.tripadvisor.com/media/attractions-splice-spp-540x360/07/1a/07/4c.jpg";0;14
"https://media-cdn.tripadvisor.com/media/attractions-splice-spp-540x360/06/6a/ea/99.jpg";0;15
"https://media-cdn.tripadvisor.com/media/attractions-splice-spp-540x360/06/6a/ea/9e.jpg";0;15
"https://media-cdn.tripadvisor.com/media/attractions-splice-spp-540x360/07/81/36/43.jpg";0;15
"https://media-cdn.tripadvisor.com/media/attractions-splice-spp-540x360/06/70/3a/4c.jpg";0;16
"https://media-cdn.tripadvisor.com/media/attractions-splice-spp-540x360/06/70/3a/4a.jpg";0;16
"https://media-cdn.tripadvisor.com/media/attractions-splice-spp-540x360/07/8c/d4/e6.jpg";0;17
"https://media-cdn.tripadvisor.com/media/attractions-splice-spp-540x360/07/8c/d9/4d.jpg";0;17
"https://media-cdn.tripadvisor.com/media/attractions-splice-spp-540x360/07/8c/d9/49.jpg";0;17
"https://media-cdn.tripadvisor.com/media/attractions-splice-spp-540x360/07/1a/1c/c0.jpg";0;18
"https://media-cdn.tripadvisor.com/media/attractions-splice-spp-540x360/06/6f/40/b8.jpg";0;18
"https://media-cdn.tripadvisor.com/media/attractions-splice-spp-540x360/07/1a/1c/ca.jpg";0;18
"https://media-cdn.tripadvisor.com/media/attractions-splice-spp-540x360/07/c6/57/db.jpg";0;19
"https://media-cdn.tripadvisor.com/media/attractions-splice-spp-540x360/07/c6/57/ca.jpg";0;19
"https://media-cdn.tripadvisor.com/media/attractions-splice-spp-540x360/07/c6/59/5d.jpg";0;19
"https://media-cdn.tripadvisor.com/media/attractions-splice-spp-540x360/06/6e/bb/4c.jpg";0;21
"https://media-cdn.tripadvisor.com/media/attractions-splice-spp-540x360/06/6e/bb/3e.jpg";0;21
"https://media-cdn.tripadvisor.com/media/attractions-splice-spp-540x360/07/7d/1f/0c.jpg";0;21
"https://media-cdn.tripadvisor.com/media/attractions-splice-spp-540x360/06/6a/ef/7e.jpg";0;23
"https://media-cdn.tripadvisor.com/media/attractions-splice-spp-540x360/06/6a/ef/7d.jpg";0;23
"https://media-cdn.tripadvisor.com/media/attractions-splice-spp-540x360/06/6f/18/05.jpg";0;24
"https://media-cdn.tripadvisor.com/media/attractions-splice-spp-540x360/06/6f/18/04.jpg";0;24
"https://media-cdn.tripadvisor.com/media/attractions-splice-spp-540x360/07/c6/1a/d1.jpg";0;25
"https://media-cdn.tripadvisor.com/media/attractions-splice-spp-540x360/06/8d/63/d1.jpg";0;25
"https://media-cdn.tripadvisor.com/media/attractions-splice-spp-540x360/07/c6/1b/3a.jpg";0;25
"https://media-cdn.tripadvisor.com/media/attractions-splice-spp-540x360/06/6a/fc/98.jpg";0;26
"https://media-cdn.tripadvisor.com/media/attractions-splice-spp-540x360/06/6a/fc/97.jpg";0;26
"https://media-cdn.tripadvisor.com/media/attractions-splice-spp-540x360/06/6c/41/81.jpg";0;27
"https://media-cdn.tripadvisor.com/media/attractions-splice-spp-540x360/06/fa/6e/d0.jpg";0;28
"https://media-cdn.tripadvisor.com/media/attractions-splice-spp-540x360/06/fa/6e/cf.jpg";0;28
"https://media-cdn.tripadvisor.com/media/attractions-splice-spp-540x360/07/99/44/f5.jpg";0;28
"https://media-cdn.tripadvisor.com/media/attractions-splice-spp-540x360/06/6a/ef/85.jpg";0;29
"https://media-cdn.tripadvisor.com/media/attractions-splice-spp-540x360/06/6a/ef/4b.jpg";0;29
"https://media-cdn.tripadvisor.com/media/attractions-splice-spp-540x360/07/c6/17/fb.jpg";0;30
"https://media-cdn.tripadvisor.com/media/attractions-splice-spp-540x360/06/8d/63/d4.jpg";0;30
"https://media-cdn.tripadvisor.com/media/attractions-splice-spp-540x360/07/c6/18/b9.jpg";0;30
"https://media-cdn.tripadvisor.com/media/attractions-splice-spp-540x360/06/6a/ef/52.jpg";0;31
"https://media-cdn.tripadvisor.com/media/attractions-splice-spp-540x360/06/6a/ef/51.jpg";0;31
"https://media-cdn.tripadvisor.com/media/attractions-splice-spp-540x360/06/e0/5e/10.jpg";0;32
"https://media-cdn.tripadvisor.com/media/attractions-splice-spp-540x360/06/e0/5e/0f.jpg";0;32
"https://media-cdn.tripadvisor.com/media/attractions-splice-spp-540x360/06/73/1a/70.jpg";0;33
"https://media-cdn.tripadvisor.com/media/attractions-splice-spp-540x360/07/18/36/be.jpg";0;33
"https://media-cdn.tripadvisor.com/media/attractions-splice-spp-540x360/07/18/36/c0.jpg";0;33
"https://media-cdn.tripadvisor.com/media/attractions-splice-spp-540x360/06/73/1d/53.jpg";0;34
"https://media-cdn.tripadvisor.com/media/attractions-splice-spp-540x360/07/19/59/42.jpg";0;34
"https://media-cdn.tripadvisor.com/media/attractions-splice-spp-540x360/07/19/59/43.jpg";0;34
"https://media-cdn.tripadvisor.com/media/attractions-splice-spp-540x360/06/73/1b/f6.jpg";0;35
"https://media-cdn.tripadvisor.com/media/attractions-splice-spp-540x360/07/99/ea/6d.jpg";0;35
"https://media-cdn.tripadvisor.com/media/attractions-splice-spp-540x360/07/99/ea/72.jpg";0;35
"https://media-cdn.tripadvisor.com/media/attractions-splice-spp-540x360/06/73/1d/10.jpg";0;36
"https://media-cdn.tripadvisor.com/media/attractions-splice-spp-540x360/06/73/1d/0f.jpg";0;36
"https://media-cdn.tripadvisor.com/media/attractions-splice-spp-540x360/07/9b/9f/d8.jpg";0;36
"https://media-cdn.tripadvisor.com/media/attractions-splice-spp-540x360/06/70/14/b7.jpg";0;37
"https://media-cdn.tripadvisor.com/media/attractions-splice-spp-540x360/06/70/14/b6.jpg";0;37
"https://media-cdn.tripadvisor.com/media/attractions-splice-spp-540x360/06/8e/5a/db.jpg";0;37
"https://media-cdn.tripadvisor.com/media/attractions-splice-spp-540x360/06/75/77/2f.jpg";0;38
"https://media-cdn.tripadvisor.com/media/attractions-splice-spp-540x360/06/75/77/2e.jpg";0;38
"https://media-cdn.tripadvisor.com/media/attractions-splice-spp-540x360/07/1a/0e/3c.jpg";0;39
"https://media-cdn.tripadvisor.com/media/attractions-splice-spp-540x360/06/6a/ea/90.jpg";0;39
"https://media-cdn.tripadvisor.com/media/attractions-splice-spp-540x360/07/80/3d/c1.jpg";0;39
"https://media-cdn.tripadvisor.com/media/attractions-splice-spp-540x360/06/73/1a/61.jpg";0;40
"https://media-cdn.tripadvisor.com/media/attractions-splice-spp-540x360/06/73/1b/a5.jpg";0;40
"https://media-cdn.tripadvisor.com/media/attractions-splice-spp-540x360/07/19/51/29.jpg";0;40
"https://media-cdn.tripadvisor.com/media/attractions-splice-spp-540x360/06/6a/ea/93.jpg";0;41
"https://media-cdn.tripadvisor.com/media/attractions-splice-spp-540x360/06/6a/ea/96.jpg";0;41
"https://media-cdn.tripadvisor.com/media/attractions-splice-spp-540x360/07/1a/0d/b0.jpg";0;41
"https://media-cdn.tripadvisor.com/media/attractions-splice-spp-540x360/06/6e/ba/df.jpg";0;42
"https://media-cdn.tripadvisor.com/media/attractions-splice-spp-540x360/07/c2/ab/de.jpg";0;42
"https://media-cdn.tripadvisor.com/media/attractions-splice-spp-540x360/07/c5/b9/b1.jpg";0;42
"https://media-cdn.tripadvisor.com/media/attractions-splice-spp-540x360/07/c5/b4/e3.jpg";0;43
"https://media-cdn.tripadvisor.com/media/attractions-splice-spp-540x360/07/c5/b4/fc.jpg";0;43
"https://media-cdn.tripadvisor.com/media/attractions-splice-spp-540x360/07/c5/b4/f5.jpg";0;43
"https://media-cdn.tripadvisor.com/media/attractions-splice-spp-540x360/06/73/1a/5c.jpg";0;44
"https://media-cdn.tripadvisor.com/media/attractions-splice-spp-540x360/06/73/1a/5b.jpg";0;44
"https://media-cdn.tripadvisor.com/media/attractions-splice-spp-540x360/07/18/2f/87.jpg";0;44
"https://media-cdn.tripadvisor.com/media/attractions-splice-spp-540x360/06/74/b1/a0.jpg";0;45
"https://media-cdn.tripadvisor.com/media/attractions-splice-spp-540x360/06/74/b1/9f.jpg";0;45
"https://media-cdn.tripadvisor.com/media/attractions-splice-spp-540x360/06/f0/02/02.jpg";0;45
"https://media-cdn.tripadvisor.com/media/attractions-splice-spp-540x360/06/71/de/f4.jpg";0;46
"https://media-cdn.tripadvisor.com/media/attractions-splice-spp-540x360/06/71/de/f3.jpg";0;46
"https://media-cdn.tripadvisor.com/media/attractions-splice-spp-540x360/06/74/c2/1b.jpg";0;47
"https://media-cdn.tripadvisor.com/media/attractions-splice-spp-540x360/06/74/c2/1a.jpg";0;47
"https://media-cdn.tripadvisor.com/media/attractions-splice-spp-540x360/07/39/c6/6e.jpg";0;47
"https://media-cdn.tripadvisor.com/media/attractions-splice-spp-540x360/06/73/3f/74.jpg";0;48
"https://media-cdn.tripadvisor.com/media/attractions-splice-spp-540x360/06/73/3f/73.jpg";0;48
"https://media-cdn.tripadvisor.com/media/attractions-splice-spp-540x360/07/b3/9d/9e.jpg";0;49
"https://media-cdn.tripadvisor.com/media/attractions-splice-spp-540x360/07/9c/fc/27.jpg";0;49
"https://media-cdn.tripadvisor.com/media/attractions-splice-spp-540x360/07/b3/9d/bc.jpg";0;49
"https://media-cdn.tripadvisor.com/media/attractions-splice-spp-540x360/07/3b/75/d8.jpg";0;50
"https://media-cdn.tripadvisor.com/media/attractions-splice-spp-540x360/07/3b/75/a4.jpg";0;50
"https://media-cdn.tripadvisor.com/media/attractions-splice-spp-540x360/07/3b/76/c6.jpg";0;50
"https://media-cdn.tripadvisor.com/media/attractions-splice-spp-540x360/07/c0/49/82.jpg";0;51
"https://media-cdn.tripadvisor.com/media/attractions-splice-spp-540x360/07/9f/0c/8f.jpg";0;51
"https://media-cdn.tripadvisor.com/media/attractions-splice-spp-540x360/07/9f/0e/e3.jpg";0;51
"https://media-cdn.tripadvisor.com/media/attractions-splice-spp-540x360/07/b2/64/d4.jpg";0;52
"https://media-cdn.tripadvisor.com/media/attractions-splice-spp-540x360/07/b2/65/0f.jpg";0;52
"https://media-cdn.tripadvisor.com/media/attractions-splice-spp-540x360/07/b2/64/fa.jpg";0;52
"https://media-cdn.tripadvisor.com/media/photo-s/19/70/e7/b7/hoi-an.jpg";1;0
"https://media-cdn.tripadvisor.com/media/photo-s/19/70/e7/2e/city-of-lanterns.jpg";1;0
"https://media-cdn.tripadvisor.com/media/photo-s/13/f2/31/47/20180801-160329-largejpg.jpg";24;0
"https://media-cdn.tripadvisor.com/media/photo-s/19/6f/75/15/img-20190603-182120-101.jpg";1;0
"https://media-cdn.tripadvisor.com/media/photo-s/19/6a/b6/c7/ph-c-h-i-an.jpg";1;0
"https://media-cdn.tripadvisor.com/media/photo-s/19/69/f8/0e/hoi-an-ancient-town.jpg";1;0
"https://media-cdn.tripadvisor.com/media/photo-s/19/69/66/77/photo1jpg.jpg";1;0
"https://media-cdn.tripadvisor.com/media/photo-s/19/69/66/76/photo0jpg.jpg";1;0
"https://media-cdn.tripadvisor.com/media/photo-s/19/69/46/c9/photo1jpg.jpg";1;0
"https://media-cdn.tripadvisor.com/media/photo-s/19/69/46/c8/photo0jpg.jpg";1;0
"https://media-cdn.tripadvisor.com/media/photo-s/19/66/5d/35/photo5jpg.jpg";1;0
"https://media-cdn.tripadvisor.com/media/photo-s/19/66/5d/33/photo4jpg.jpg";1;0
"https://media-cdn.tripadvisor.com/media/photo-s/19/66/5d/32/photo3jpg.jpg";1;0
"https://media-cdn.tripadvisor.com/media/photo-s/19/66/5d/31/photo2jpg.jpg";1;0
"https://media-cdn.tripadvisor.com/media/photo-s/19/66/5d/2f/photo1jpg.jpg";1;0
"https://media-cdn.tripadvisor.com/media/photo-w/19/6d/9f/12/farming-co-operative.jpg";2;0
"https://media-cdn.tripadvisor.com/media/photo-s/19/6d/9e/71/two-crook-cooks.jpg";2;0
"https://media-cdn.tripadvisor.com/media/photo-s/19/64/a4/78/tra-que-water-wheel.jpg";2;0
"https://media-cdn.tripadvisor.com/media/photo-s/19/64/a4/77/tra-que-water-wheel.jpg";2;0
"https://media-cdn.tripadvisor.com/media/photo-s/19/64/a4/75/tra-que-water-wheel.jpg";2;0
"https://media-cdn.tripadvisor.com/media/photo-s/19/64/a4/73/tra-que-water-wheel.jpg";2;0
"https://media-cdn.tripadvisor.com/media/photo-s/19/3c/56/7b/tra-que-water-wheel.jpg";2;0
"https://media-cdn.tripadvisor.com/media/photo-s/19/3c/56/62/tra-que-water-wheel.jpg";2;0
"https://media-cdn.tripadvisor.com/media/photo-s/19/21/17/a7/best-day-in-vietnam.jpg";2;0
"https://media-cdn.tripadvisor.com/media/photo-s/05/79/aa/54/fun-hoi-an-experience.jpg";2;0
"https://media-cdn.tripadvisor.com/media/photo-s/03/7d/03/5d/tra-que-waterwheel.jpg";2;0
"https://media-cdn.tripadvisor.com/media/photo-s/05/c8/65/e0/tra-que-water-wheel.jpg";2;0
"https://media-cdn.tripadvisor.com/media/photo-s/01/fa/5d/ef/tra-que-herb-village.jpg";2;0
"https://media-cdn.tripadvisor.com/media/photo-s/03/6b/78/69/getlstd-property-photo.jpg";2;0
"https://media-cdn.tripadvisor.com/media/photo-s/18/fe/4d/70/tra-que-water-wheel.jpg";2;0
"https://media-cdn.tripadvisor.com/media/photo-s/19/3f/4c/bf/photo2jpg.jpg";3;0
"https://media-cdn.tripadvisor.com/media/photo-s/19/3f/4c/be/photo1jpg.jpg";3;0
"https://media-cdn.tripadvisor.com/media/photo-s/19/3f/4c/bd/photo0jpg.jpg";3;0
"https://media-cdn.tripadvisor.com/media/photo-s/07/a4/8e/c1/getlstd-property-photo.jpg";3;0
"https://media-cdn.tripadvisor.com/media/photo-s/12/bc/0e/a5/chef-danny-at-a-cooking.jpg";3;0
"https://media-cdn.tripadvisor.com/media/photo-s/0d/bd/5a/20/photo0jpg.jpg";3;0
"https://media-cdn.tripadvisor.com/media/photo-s/0c/f3/41/97/enjoying-the-end-result.jpg";3;0
"https://media-cdn.tripadvisor.com/media/photo-s/0c/f3/40/b7/the-danny-show.jpg";3;0
"https://media-cdn.tripadvisor.com/media/photo-s/17/33/12/e8/photo1jpg.jpg";3;0
"https://media-cdn.tripadvisor.com/media/photo-s/17/33/12/e7/photo0jpg.jpg";3;0
"https://media-cdn.tripadvisor.com/media/photo-s/17/28/9e/e8/photo4jpg.jpg";3;0
"https://media-cdn.tripadvisor.com/media/photo-s/17/28/9e/e7/photo3jpg.jpg";3;0
"https://media-cdn.tripadvisor.com/media/photo-s/17/28/9e/e6/photo2jpg.jpg";3;0
"https://media-cdn.tripadvisor.com/media/photo-s/17/28/9e/e5/photo1jpg.jpg";3;0
"https://media-cdn.tripadvisor.com/media/photo-s/17/28/9e/e4/photo0jpg.jpg";3;0
"https://media-cdn.tripadvisor.com/media/photo-o/02/2a/b0/e1/cooking-lesson.jpg";4;0
"https://media-cdn.tripadvisor.com/media/photo-s/18/d0/86/ac/photo2jpg.jpg";4;0
"https://media-cdn.tripadvisor.com/media/photo-s/18/d0/86/ab/photo1jpg.jpg";4;0
"https://media-cdn.tripadvisor.com/media/photo-s/18/d0/86/aa/photo0jpg.jpg";4;0
"https://media-cdn.tripadvisor.com/media/photo-s/18/ba/fb/4c/green-field.jpg";4;0
"https://media-cdn.tripadvisor.com/media/photo-s/18/cc/bc/41/good-placecool-and-comfortable.jpg";4;0
"https://media-cdn.tripadvisor.com/media/photo-s/18/54/62/7d/20190714-120452-largejpg.jpg";4;0
"https://media-cdn.tripadvisor.com/media/photo-s/18/54/62/7c/20190714-122842-largejpg.jpg";4;0
"https://media-cdn.tripadvisor.com/media/photo-s/18/54/62/7b/20190714-130648-largejpg.jpg";4;0
"https://media-cdn.tripadvisor.com/media/photo-s/18/54/62/7a/20190714-123152-largejpg.jpg";4;0
"https://media-cdn.tripadvisor.com/media/photo-s/17/fe/17/14/tra-que-vegetable-village.jpg";4;0
"https://media-cdn.tripadvisor.com/media/photo-s/17/fe/17/02/tra-que-vegetable-village.jpg";4;0
"https://media-cdn.tripadvisor.com/media/photo-s/17/fe/16/e3/tra-que-vegetable-village.jpg";4;0
"https://media-cdn.tripadvisor.com/media/photo-s/17/fe/16/df/tra-que-vegetable-village.jpg";4;0
"https://media-cdn.tripadvisor.com/media/photo-s/17/fe/16/de/tra-que-vegetable-village.jpg";4;0
"https://media-cdn.tripadvisor.com/media/photo-s/19/66/51/ff/photo4jpg.jpg";5;0
"https://media-cdn.tripadvisor.com/media/photo-s/19/66/51/fe/photo3jpg.jpg";5;0
"https://media-cdn.tripadvisor.com/media/photo-s/19/66/51/fd/photo2jpg.jpg";5;0
"https://media-cdn.tripadvisor.com/media/photo-s/19/66/51/fc/photo1jpg.jpg";5;0
"https://media-cdn.tripadvisor.com/media/photo-s/19/66/51/fb/photo0jpg.jpg";5;0
"https://media-cdn.tripadvisor.com/media/photo-s/19/58/34/0e/caption.jpg";5;0
"https://media-cdn.tripadvisor.com/media/photo-s/19/58/33/f9/caption.jpg";5;0
"https://media-cdn.tripadvisor.com/media/photo-s/19/58/33/f0/caption.jpg";5;0
"https://media-cdn.tripadvisor.com/media/photo-s/19/58/33/e2/caption.jpg";5;0
"https://media-cdn.tripadvisor.com/media/photo-s/19/58/33/d4/caption.jpg";5;0
"https://media-cdn.tripadvisor.com/media/photo-s/19/36/dd/19/fukian-assembly-hall.jpg";5;0
"https://media-cdn.tripadvisor.com/media/photo-s/19/36/dc/f9/fukian-assembly-hall.jpg";5;0
"https://media-cdn.tripadvisor.com/media/photo-s/19/36/dc/df/fukian-assembly-hall.jpg";5;0
"https://media-cdn.tripadvisor.com/media/photo-s/19/36/dc/c0/fukian-assembly-hall.jpg";5;0
"https://media-cdn.tripadvisor.com/media/photo-s/19/36/dc/a6/fukian-assembly-hall.jpg";5;0
"https://media-cdn.tripadvisor.com/media/photo-s/0e/77/67/e4/photo5jpg.jpg";6;0
"https://media-cdn.tripadvisor.com/media/photo-s/0e/77/67/e0/photo1jpg.jpg";6;0
"https://media-cdn.tripadvisor.com/media/photo-s/08/ac/0c/7e/caption.jpg";6;0
"https://media-cdn.tripadvisor.com/media/daodao/photo-s/01/be/69/ac/caption.jpg";6;0
"https://media-cdn.tripadvisor.com/media/photo-s/18/db/29/f1/photo2jpg.jpg";6;0
"https://media-cdn.tripadvisor.com/media/photo-s/18/db/29/ef/photo1jpg.jpg";6;0
"https://media-cdn.tripadvisor.com/media/photo-s/18/db/29/ee/photo0jpg.jpg";6;0
"https://media-cdn.tripadvisor.com/media/photo-s/17/d4/c3/48/img-20190607-170035-largejpg.jpg";6;0
"https://media-cdn.tripadvisor.com/media/photo-s/17/d4/c3/47/img-20190607-165912-largejpg.jpg";6;0
"https://media-cdn.tripadvisor.com/media/photo-s/17/d4/c3/46/img-20190607-165834-largejpg.jpg";6;0
"https://media-cdn.tripadvisor.com/media/photo-s/17/8e/64/33/caption.jpg";6;0
"https://media-cdn.tripadvisor.com/media/photo-s/17/8e/64/31/caption.jpg";6;0
"https://media-cdn.tripadvisor.com/media/photo-s/17/8e/64/2e/caption.jpg";6;0
"https://media-cdn.tripadvisor.com/media/photo-s/17/79/9b/13/20190509-170528-largejpg.jpg";6;0
"https://media-cdn.tripadvisor.com/media/photo-s/17/79/9b/12/20190509-170404-largejpg.jpg";6;0
"https://media-cdn.tripadvisor.com/media/photo-s/02/63/d0/8f/filename-p2256525-jpg.jpg";7;0
"https://media-cdn.tripadvisor.com/media/photo-s/07/a4/59/d0/hoi-an-handicraft-workshop.jpg";7;0
"https://media-cdn.tripadvisor.com/media/photo-s/18/ad/78/4b/photo2jpg.jpg";7;0
"https://media-cdn.tripadvisor.com/media/photo-s/18/ad/78/4a/photo1jpg.jpg";7;0
"https://media-cdn.tripadvisor.com/media/photo-s/18/ad/78/49/photo0jpg.jpg";7;0
"https://media-cdn.tripadvisor.com/media/photo-o/16/e4/36/39/caption.jpg";7;0
"https://media-cdn.tripadvisor.com/media/photo-o/16/e4/36/2c/caption.jpg";7;0
"https://media-cdn.tripadvisor.com/media/photo-s/15/a2/0f/52/hoi-an-handicraft-workshop.jpg";7;0
"https://media-cdn.tripadvisor.com/media/photo-s/15/97/5d/d9/photo1jpg.jpg";7;0
"https://media-cdn.tripadvisor.com/media/photo-s/15/97/5d/d8/photo0jpg.jpg";7;0
"https://media-cdn.tripadvisor.com/media/photo-s/12/f1/e2/42/photo3jpg.jpg";7;0
"https://media-cdn.tripadvisor.com/media/photo-s/12/f1/e2/41/photo2jpg.jpg";7;0
"https://media-cdn.tripadvisor.com/media/photo-s/12/f1/e2/40/photo1jpg.jpg";7;0
"https://media-cdn.tripadvisor.com/media/photo-s/12/f1/e2/3f/photo0jpg.jpg";7;0
"https://media-cdn.tripadvisor.com/media/photo-s/12/61/77/28/photo3jpg.jpg";7;0
"https://media-cdn.tripadvisor.com/media/photo-s/19/36/f5/e8/ngon-vaiz.jpg";8;0
"https://media-cdn.tripadvisor.com/media/photo-s/19/36/f5/e6/ngon-vaiz.jpg";8;0
"https://media-cdn.tripadvisor.com/media/photo-s/03/5d/0c/92/ba-le-well.jpg";8;0
"https://media-cdn.tripadvisor.com/media/photo-s/14/64/34/c8/20180830-180932-largejpg.jpg";8;0
"https://media-cdn.tripadvisor.com/media/photo-s/18/d6/d7/0b/banh-xeo-n-nhung-khong.jpg";8;0
"https://media-cdn.tripadvisor.com/media/photo-s/18/d6/d6/87/th-t-nu-ng-ngon-ram-gion.jpg";8;0
"https://media-cdn.tripadvisor.com/media/photo-s/17/94/76/0a/photo1jpg.jpg";8;0
"https://media-cdn.tripadvisor.com/media/photo-s/17/94/76/09/photo0jpg.jpg";8;0
"https://media-cdn.tripadvisor.com/media/photo-s/13/43/c7/f8/il-pozzo-millenario-ba.jpg";8;0
"https://media-cdn.tripadvisor.com/media/photo-s/13/43/c7/70/il-pozzo-millenario-ba.jpg";8;0
"https://media-cdn.tripadvisor.com/media/photo-s/12/77/9a/fb/caption.jpg";8;0
"https://media-cdn.tripadvisor.com/media/photo-s/11/ad/5c/aa/ba-le-well.jpg";8;0
"https://media-cdn.tripadvisor.com/media/photo-s/11/ad/5c/a9/ba-le-well.jpg";8;0
"https://media-cdn.tripadvisor.com/media/photo-s/11/10/75/a0/photo5jpg.jpg";8;0
"https://media-cdn.tripadvisor.com/media/photo-s/11/10/75/9f/photo4jpg.jpg";8;0
"https://media-cdn.tripadvisor.com/media/photo-s/03/15/5f/1d/caption.jpg";9;0
"https://media-cdn.tripadvisor.com/media/photo-s/11/c4/f0/86/outside-the-temple.jpg";9;0
"https://media-cdn.tripadvisor.com/media/photo-s/17/ed/d3/63/img-20190615-101420-largejpg.jpg";9;0
"https://media-cdn.tripadvisor.com/media/photo-s/17/ed/d3/62/img-20190615-101417-largejpg.jpg";9;0
"https://media-cdn.tripadvisor.com/media/photo-s/17/ed/d3/61/img-20190615-101435-largejpg.jpg";9;0
"https://media-cdn.tripadvisor.com/media/photo-s/17/ed/d3/60/img-20190615-101452-largejpg.jpg";9;0
"https://media-cdn.tripadvisor.com/media/photo-s/17/ed/d3/5f/img-20190615-101551-largejpg.jpg";9;0
"https://media-cdn.tripadvisor.com/media/photo-s/17/ed/d3/5e/img-20190615-101926-largejpg.jpg";9;0
"https://media-cdn.tripadvisor.com/media/photo-s/17/ed/d3/5d/img-20190615-101737-largejpg.jpg";9;0
"https://media-cdn.tripadvisor.com/media/photo-s/17/ed/d3/5c/img-20190615-101702-largejpg.jpg";9;0
"https://media-cdn.tripadvisor.com/media/photo-s/17/ed/d3/5b/img-20190615-101457-largejpg.jpg";9;0
"https://media-cdn.tripadvisor.com/media/photo-s/17/ed/d3/5a/img-20190615-101514-largejpg.jpg";9;0
"https://media-cdn.tripadvisor.com/media/photo-s/17/3e/18/0a/entrance-from-tran-phu.jpg";9;0
"https://media-cdn.tripadvisor.com/media/photo-s/17/3e/17/ea/inner-courtyard.jpg";9;0
"https://media-cdn.tripadvisor.com/media/photo-s/17/3e/17/b1/inner-courtyard.jpg";9;0
"https://media-cdn.tripadvisor.com/media/photo-s/02/63/cf/df/filename-p3138815-jpg.jpg";10;0
"https://media-cdn.tripadvisor.com/media/photo-s/07/40/42/d0/kim-bong-carpentry-village.jpg";10;0
"https://media-cdn.tripadvisor.com/media/photo-s/07/40/38/b3/kim-bong-carpentry-village.jpg";10;0
"https://media-cdn.tripadvisor.com/media/photo-s/07/3c/57/da/women-cyclists-look-fields.jpg";10;0
"https://media-cdn.tripadvisor.com/media/photo-s/07/fd/51/6c/kim-bong-carpentry-village.jpg";10;0
"https://media-cdn.tripadvisor.com/media/photo-s/07/fd/51/64/kim-bong-carpentry-village.jpg";10;0
"https://media-cdn.tripadvisor.com/media/photo-s/07/ef/e5/6e/kim-bong-carpentry-village.jpg";10;0
"https://media-cdn.tripadvisor.com/media/photo-s/07/b8/ef/a0/cam-kim-i-love-village.jpg";10;0
"https://media-cdn.tripadvisor.com/media/photo-s/07/6f/80/d4/kim-bong-carpentry-village.jpg";10;0
"https://media-cdn.tripadvisor.com/media/photo-s/07/45/be/5f/temples-gate.jpg";10;0
"https://media-cdn.tripadvisor.com/media/photo-s/06/74/c8/0a/kim-bong-carpentry-village.jpg";10;0
"https://media-cdn.tripadvisor.com/media/photo-s/06/74/c7/d9/kim-bong-carpentry-village.jpg";10;0
"https://media-cdn.tripadvisor.com/media/photo-s/02/63/d0/16/filename-p3138836-jpg.jpg";10;0
"https://media-cdn.tripadvisor.com/media/photo-s/02/63/cf/f9/filename-p3138831-jpg.jpg";10;0
"https://media-cdn.tripadvisor.com/media/photo-s/02/63/cf/ca/filename-p3138808-jpg.jpg";10;0
"https://media-cdn.tripadvisor.com/media/photo-s/19/36/f7/17/chaozhou-hall-ou-trieu.jpg";11;0
"https://media-cdn.tripadvisor.com/media/photo-s/19/36/f7/01/chaozhou-hall-ou-trieu.jpg";11;0
"https://media-cdn.tripadvisor.com/media/photo-s/19/36/f6/e6/chaozhou-hall-ou-trieu.jpg";11;0
"https://media-cdn.tripadvisor.com/media/photo-s/19/36/f6/ce/chaozhou-hall-ou-trieu.jpg";11;0
"https://media-cdn.tripadvisor.com/media/photo-s/19/36/f6/b1/chaozhou-hall-ou-trieu.jpg";11;0
"https://media-cdn.tripadvisor.com/media/daodao/photo-s/01/be/b5/0a/caption.jpg";11;0
"https://media-cdn.tripadvisor.com/media/photo-s/17/c4/c1/97/assembly-hall-of-the.jpg";11;0
"https://media-cdn.tripadvisor.com/media/photo-s/17/c4/c1/79/assembly-hall-of-the.jpg";11;0
"https://media-cdn.tripadvisor.com/media/photo-s/17/c4/c1/4f/assembly-hall-of-the.jpg";11;0
"https://media-cdn.tripadvisor.com/media/photo-s/17/c4/c1/35/assembly-hall-of-the.jpg";11;0
"https://media-cdn.tripadvisor.com/media/photo-s/17/c4/c1/09/assembly-hall-of-the.jpg";11;0
"https://media-cdn.tripadvisor.com/media/photo-s/17/c4/c0/dd/assembly-hall-of-the.jpg";11;0
"https://media-cdn.tripadvisor.com/media/photo-s/17/3e/4e/97/trieu-chau-assembly-hall.jpg";11;0
"https://media-cdn.tripadvisor.com/media/photo-s/17/3e/4e/95/trieu-chau-assembly-hall.jpg";11;0
"https://media-cdn.tripadvisor.com/media/photo-s/17/3e/4e/88/trieu-chau-assembly-hall.jpg";11;0
"https://media-cdn.tripadvisor.com/media/photo-s/19/4a/57/12/a-painting.jpg";12;0
"https://media-cdn.tripadvisor.com/media/photo-s/19/4a/56/bb/display-at-tan-ky-house.jpg";12;0
"https://media-cdn.tripadvisor.com/media/photo-s/19/4a/56/4f/at-tan-ky-house.jpg";12;0
"https://media-cdn.tripadvisor.com/media/photo-s/19/4a/55/c5/display-at-tan-ky-house.jpg";12;0
"https://media-cdn.tripadvisor.com/media/photo-s/19/4a/55/52/tan-ky-house.jpg";12;0
"https://media-cdn.tripadvisor.com/media/photo-s/19/36/a4/1c/hoi-an-tan-ky-house-le.jpg";12;0
"https://media-cdn.tripadvisor.com/media/photo-s/19/36/a4/0f/hoi-an-tan-ky-house-les.jpg";12;0
"https://media-cdn.tripadvisor.com/media/photo-s/19/36/a4/01/hoi-an-tan-ky-house-vu.jpg";12;0
"https://media-cdn.tripadvisor.com/media/photo-s/19/36/a3/e3/hoi-an-tan-ky-house-la.jpg";12;0
"https://media-cdn.tripadvisor.com/media/photo-s/19/34/3d/40/old-house-of-tan-ky.jpg";12;0
"https://media-cdn.tripadvisor.com/media/photo-s/19/34/3d/12/old-house-of-tan-ky.jpg";12;0
"https://media-cdn.tripadvisor.com/media/photo-s/19/34/3c/e6/old-house-of-tan-ky.jpg";12;0
"https://media-cdn.tripadvisor.com/media/photo-s/19/34/3c/7b/old-house-of-tan-ky.jpg";12;0
"https://media-cdn.tripadvisor.com/media/photo-s/19/34/3b/e7/old-house-of-tan-ky.jpg";12;0
"https://media-cdn.tripadvisor.com/media/photo-s/19/34/3b/c1/old-house-of-tan-ky.jpg";12;0
"https://media-cdn.tripadvisor.com/media/photo-s/19/6b/8c/98/japanese-covered-bridge.jpg";13;0
"https://media-cdn.tripadvisor.com/media/photo-s/19/6a/4c/3f/photo3jpg.jpg";13;0
"https://media-cdn.tripadvisor.com/media/photo-s/19/6a/4c/3d/photo2jpg.jpg";13;0
"https://media-cdn.tripadvisor.com/media/photo-s/19/6a/4c/3c/photo1jpg.jpg";13;0
"https://media-cdn.tripadvisor.com/media/photo-s/19/6a/4c/3b/photo0jpg.jpg";13;0
"https://media-cdn.tripadvisor.com/media/photo-s/19/67/d9/09/caption.jpg";13;0
"https://media-cdn.tripadvisor.com/media/photo-s/19/66/57/40/photo0jpg.jpg";13;0
"https://media-cdn.tripadvisor.com/media/photo-s/19/64/a8/c5/20190926-152240-largejpg.jpg";13;0
"https://media-cdn.tripadvisor.com/media/photo-s/19/64/a8/c4/20190926-152336-largejpg.jpg";13;0
"https://media-cdn.tripadvisor.com/media/photo-s/19/64/a8/c3/20190926-152436-largejpg.jpg";13;0
"https://media-cdn.tripadvisor.com/media/photo-s/19/62/47/90/photo0jpg.jpg";13;0
"https://media-cdn.tripadvisor.com/media/photo-s/19/61/70/fe/img-20190921-wa0003-largejpg.jpg";13;0
"https://media-cdn.tripadvisor.com/media/photo-s/19/61/70/fd/20190923-211635-largejpg.jpg";13;0
"https://media-cdn.tripadvisor.com/media/photo-s/19/61/37/c0/20190924-191203-largejpg.jpg";13;0
"https://media-cdn.tripadvisor.com/media/photo-p/19/61/37/bf/20190924-191226-largejpg.jpg";13;0
"https://media-cdn.tripadvisor.com/media/photo-s/02/35/9d/bf/house-of-phung-hung.jpg";14;0
"https://media-cdn.tripadvisor.com/media/photo-s/13/a9/85/d1/the-old-house-of-phun.jpg";14;0
"https://media-cdn.tripadvisor.com/media/photo-s/18/a4/c0/4f/dsc-4815-largejpg.jpg";14;0
"https://media-cdn.tripadvisor.com/media/photo-s/17/74/9a/52/photo2jpg.jpg";14;0
"https://media-cdn.tripadvisor.com/media/photo-s/17/74/9a/51/photo1jpg.jpg";14;0
"https://media-cdn.tripadvisor.com/media/photo-s/17/74/9a/50/photo0jpg.jpg";14;0
"https://media-cdn.tripadvisor.com/media/photo-s/17/6c/20/92/the-old-house-of-phun.jpg";14;0
"https://media-cdn.tripadvisor.com/media/photo-s/17/6c/20/69/the-old-house-of-phun.jpg";14;0
"https://media-cdn.tripadvisor.com/media/photo-s/17/6c/20/16/the-old-house-of-phun.jpg";14;0
"https://media-cdn.tripadvisor.com/media/photo-s/16/f1/82/e6/caption.jpg";14;0
"https://media-cdn.tripadvisor.com/media/photo-s/16/ed/8a/cc/gudaltaret-pa-andra-vaningen.jpg";14;0
"https://media-cdn.tripadvisor.com/media/photo-s/16/ed/8a/c4/porslin-fran-gamla-tider.jpg";14;0
"https://media-cdn.tripadvisor.com/media/photo-s/16/ed/8a/b7/forutom-biljetterna-sa.jpg";14;0
"https://media-cdn.tripadvisor.com/media/photo-s/16/ed/8a/b1/otroligt-vacker-snideri.jpg";14;0
"https://media-cdn.tripadvisor.com/media/photo-s/16/ed/8a/a2/en-av-5-biljetten-man.jpg";14;0
"https://media-cdn.tripadvisor.com/media/photo-s/02/95/8b/ca/filename-p3138796-jpg.jpg";15;0
"https://media-cdn.tripadvisor.com/media/photo-s/18/d2/24/fe/photo1jpg.jpg";15;0
"https://media-cdn.tripadvisor.com/media/photo-s/18/d2/24/fc/photo0jpg.jpg";15;0
"https://media-cdn.tripadvisor.com/media/photo-s/17/82/bd/07/img20190121120640-2-largejpg.jpg";15;0
"https://media-cdn.tripadvisor.com/media/photo-s/17/82/bd/06/img20190121115703-2-largejpg.jpg";15;0
"https://media-cdn.tripadvisor.com/media/photo-w/17/82/bd/05/img20190121113516-2-largejpg.jpg";15;0
"https://media-cdn.tripadvisor.com/media/photo-p/17/82/bd/04/img20190121113850-2-largejpg.jpg";15;0
"https://media-cdn.tripadvisor.com/media/photo-w/17/82/bd/03/img20190121120102-2-largejpg.jpg";15;0
"https://media-cdn.tripadvisor.com/media/photo-s/17/82/bd/02/img20190121115906-2-largejpg.jpg";15;0
"https://media-cdn.tripadvisor.com/media/photo-s/17/82/bd/01/img20190121115602-2-largejpg.jpg";15;0
"https://media-cdn.tripadvisor.com/media/photo-s/17/82/bd/00/img20190121115213-2-largejpg.jpg";15;0
"https://media-cdn.tripadvisor.com/media/photo-p/17/82/bc/ff/img20190121115537-2-largejpg.jpg";15;0
"https://media-cdn.tripadvisor.com/media/photo-w/17/82/bc/fe/img20190121113444-2-largejpg.jpg";15;0
"https://media-cdn.tripadvisor.com/media/photo-s/17/75/84/a7/thanh-ha-pottery-village.jpg";15;0
"https://media-cdn.tripadvisor.com/media/photo-s/17/75/84/7c/thanh-ha-pottery-village.jpg";15;0
"https://media-cdn.tripadvisor.com/media/photo-s/07/40/9b/f8/the-altar.jpg";16;0
"https://media-cdn.tripadvisor.com/media/photo-s/07/40/9b/f7/nside-the-cathedral.jpg";16;0
"https://media-cdn.tripadvisor.com/media/photo-s/0e/7d/23/cd/photo0jpg.jpg";16;0
"https://media-cdn.tripadvisor.com/media/photo-s/0d/06/9d/80/catholic-church-a-short.jpg";16;0
"https://media-cdn.tripadvisor.com/media/photo-s/0b/20/f5/98/hoi-an-cathedral.jpg";16;0
"https://media-cdn.tripadvisor.com/media/photo-s/0b/20/f5/7b/hoi-an-cathedral.jpg";16;0
"https://media-cdn.tripadvisor.com/media/photo-s/07/40/9b/f6/from-a-distance.jpg";16;0
"https://media-cdn.tripadvisor.com/media/photo-s/12/77/a2/cc/caption.jpg";16;0
"https://media-cdn.tripadvisor.com/media/photo-s/10/89/68/36/photo2jpg.jpg";16;0
"https://media-cdn.tripadvisor.com/media/photo-s/10/89/68/34/photo1jpg.jpg";16;0
"https://media-cdn.tripadvisor.com/media/photo-s/10/89/68/33/photo0jpg.jpg";16;0
"https://media-cdn.tripadvisor.com/media/photo-s/0c/87/5e/61/caption.jpg";16;0
"https://media-cdn.tripadvisor.com/media/photo-s/0b/20/f5/9f/hoi-an-cathedral.jpg";16;0
"https://media-cdn.tripadvisor.com/media/photo-s/0b/20/f5/91/hoi-an-cathedral.jpg";16;0
"https://media-cdn.tripadvisor.com/media/photo-s/0b/20/f5/8d/hoi-an-cathedral.jpg";16;0
"https://media-cdn.tripadvisor.com/media/photo-s/05/9e/4d/b7/getlstd-property-photo.jpg";17;0
"https://media-cdn.tripadvisor.com/media/photo-s/18/ea/d6/1d/duc-an-old-house.jpg";17;0
"https://media-cdn.tripadvisor.com/media/photo-s/18/db/2e/ff/photo2jpg.jpg";17;0
"https://media-cdn.tripadvisor.com/media/photo-s/18/db/2e/fe/photo1jpg.jpg";17;0
"https://media-cdn.tripadvisor.com/media/photo-s/18/db/2e/fd/photo0jpg.jpg";17;0
"https://media-cdn.tripadvisor.com/media/photo-p/17/da/fe/46/20181211-133605-largejpg.jpg";17;0
"https://media-cdn.tripadvisor.com/media/photo-s/17/da/fe/45/20181211-133434-largejpg.jpg";17;0
"https://media-cdn.tripadvisor.com/media/photo-s/16/05/d1/4a/duc-an-old-house.jpg";17;0
"https://media-cdn.tripadvisor.com/media/photo-s/16/05/d1/49/duc-an-old-house.jpg";17;0
"https://media-cdn.tripadvisor.com/media/photo-s/16/05/d1/46/duc-an-old-house.jpg";17;0
"https://media-cdn.tripadvisor.com/media/photo-s/15/a0/8f/9c/20181206-102552-largejpg.jpg";17;0
"https://media-cdn.tripadvisor.com/media/photo-s/15/a0/8f/9b/20181206-102341-largejpg.jpg";17;0
"https://media-cdn.tripadvisor.com/media/photo-s/15/a0/8f/99/20181206-102154-largejpg.jpg";17;0
"https://media-cdn.tripadvisor.com/media/photo-s/14/b7/ea/41/well-preserved-chairs.jpg";17;0
"https://media-cdn.tripadvisor.com/media/photo-s/13/de/7c/b8/p1010368-largejpg.jpg";17;0
"https://media-cdn.tripadvisor.com/media/photo-s/19/55/1d/e9/march-gallery-at-42-phan.jpg";18;0
"https://media-cdn.tripadvisor.com/media/photo-s/19/55/1d/a2/art-postcards-paintings.jpg";18;0
"https://media-cdn.tripadvisor.com/media/photo-s/19/55/1d/62/march-gallery-on-phan.jpg";18;0
"https://media-cdn.tripadvisor.com/media/photo-s/19/55/1d/27/42-phan-boi-chau.jpg";18;0
"https://media-cdn.tripadvisor.com/media/photo-s/19/55/1c/fb/m-nom-ethnic-ceramics.jpg";18;0
"https://media-cdn.tripadvisor.com/media/photo-s/19/55/1c/d2/drawings-art-jewellery.jpg";18;0
"https://media-cdn.tripadvisor.com/media/photo-s/19/55/1c/66/work-by-bridget-march.jpg";18;0
"https://media-cdn.tripadvisor.com/media/photo-s/19/55/1b/f7/local-artists-work.jpg";18;0
"https://media-cdn.tripadvisor.com/media/photo-s/19/55/1b/b9/work-from-the-best-of.jpg";18;0
"https://media-cdn.tripadvisor.com/media/photo-s/19/55/1b/79/jewellery-and-ethnic.jpg";18;0
"https://media-cdn.tripadvisor.com/media/photo-s/19/55/19/50/ethnic-cushions-and-designer.jpg";18;0
"https://media-cdn.tripadvisor.com/media/photo-s/19/55/19/0c/gifts-and-prints.jpg";18;0
"https://media-cdn.tripadvisor.com/media/photo-s/19/55/18/dd/handy-notebooks.jpg";18;0
"https://media-cdn.tripadvisor.com/media/photo-s/19/55/18/93/the-hoi-an-piggy-art.jpg";18;0
"https://media-cdn.tripadvisor.com/media/photo-s/19/55/16/d7/hand-crafted-jewellery.jpg";18;0
"https://media-cdn.tripadvisor.com/media/photo-s/19/58/a2/dc/una-donna-in-preghiera.jpg";19;0
"https://media-cdn.tripadvisor.com/media/photo-s/19/58/a2/cf/un-altare.jpg";19;0
"https://media-cdn.tripadvisor.com/media/photo-s/19/58/a2/b4/la-vetrine-dell-acqua.jpg";19;0
"https://media-cdn.tripadvisor.com/media/photo-s/19/58/a2/aa/l-interno.jpg";19;0
"https://media-cdn.tripadvisor.com/media/photo-s/19/58/a2/9b/vista-d-insieme-con-il.jpg";19;0
"https://media-cdn.tripadvisor.com/media/photo-s/19/3f/52/10/chua-phap-bao-pagoda.jpg";19;0
"https://media-cdn.tripadvisor.com/media/photo-s/19/3f/51/56/chua-phap-bao-pagoda.jpg";19;0
"https://media-cdn.tripadvisor.com/media/photo-s/19/3f/51/28/chua-phap-bao-pagoda.jpg";19;0
"https://media-cdn.tripadvisor.com/media/photo-s/19/3f/50/fc/chua-phap-bao-pagoda.jpg";19;0
"https://media-cdn.tripadvisor.com/media/photo-s/19/3f/50/bd/chua-phap-bao-pagoda.jpg";19;0
"https://media-cdn.tripadvisor.com/media/photo-s/19/3f/50/77/chua-phap-bao-pagoda.jpg";19;0
"https://media-cdn.tripadvisor.com/media/photo-s/19/3f/50/43/chua-phap-bao-pagoda.jpg";19;0
"https://media-cdn.tripadvisor.com/media/photo-s/19/3f/50/11/chua-phap-bao-pagoda.jpg";19;0
"https://media-cdn.tripadvisor.com/media/photo-s/19/3f/4f/e1/chua-phap-bao-pagoda.jpg";19;0
"https://media-cdn.tripadvisor.com/media/photo-s/19/3f/4f/c4/chua-phap-bao-pagoda.jpg";19;0
"https://media-cdn.tripadvisor.com/media/photo-s/11/83/58/da/victoria-hoi-an-sidecar.jpg";20;0
"https://media-cdn.tripadvisor.com/media/photo-s/0a/65/b0/f0/getlstd-property-photo.jpg";20;0
"https://media-cdn.tripadvisor.com/media/photo-s/18/6e/8a/ee/sidecar.jpg";20;0
"https://media-cdn.tripadvisor.com/media/photo-s/18/0c/8e/83/photo6jpg.jpg";20;0
"https://media-cdn.tripadvisor.com/media/photo-s/18/0c/8e/81/photo5jpg.jpg";20;0
"https://media-cdn.tripadvisor.com/media/photo-s/18/0c/8e/80/photo4jpg.jpg";20;0
"https://media-cdn.tripadvisor.com/media/photo-s/18/0c/8e/7f/photo3jpg.jpg";20;0
"https://media-cdn.tripadvisor.com/media/photo-s/18/0c/8e/7e/photo2jpg.jpg";20;0
"https://media-cdn.tripadvisor.com/media/photo-s/18/0c/8e/7d/photo1jpg.jpg";20;0
"https://media-cdn.tripadvisor.com/media/photo-s/18/0c/8e/7c/photo0jpg.jpg";20;0
"https://media-cdn.tripadvisor.com/media/photo-s/17/a0/45/e5/photo0jpg.jpg";20;0
"https://media-cdn.tripadvisor.com/media/photo-s/15/56/db/cd/house.jpg";20;0
"https://media-cdn.tripadvisor.com/media/photo-w/15/56/db/be/temple-grounds.jpg";20;0
"https://media-cdn.tripadvisor.com/media/photo-s/15/56/db/88/temple-in-hoi-an.jpg";20;0
"https://media-cdn.tripadvisor.com/media/photo-s/15/56/db/70/farm.jpg";20;0
"https://media-cdn.tripadvisor.com/media/photo-s/19/41/06/b7/ancient-house.jpg";21;0
"https://media-cdn.tripadvisor.com/media/photo-s/19/41/06/b5/ancient-house.jpg";21;0
"https://media-cdn.tripadvisor.com/media/photo-s/12/a5/47/7f/getlstd-property-photo.jpg";21;0
"https://media-cdn.tripadvisor.com/media/photo-s/12/c1/db/ce/lantern-display.jpg";21;0
"https://media-cdn.tripadvisor.com/media/photo-s/18/7e/0d/65/img-20190725-113544-largejpg.jpg";21;0
"https://media-cdn.tripadvisor.com/media/photo-s/18/7e/0d/64/img-20190725-114320-largejpg.jpg";21;0
"https://media-cdn.tripadvisor.com/media/photo-s/18/7e/0d/63/img-20190725-121827-largejpg.jpg";21;0
"https://media-cdn.tripadvisor.com/media/photo-s/18/3f/0b/ed/ancient-house.jpg";21;0
"https://media-cdn.tripadvisor.com/media/photo-s/18/3f/0b/e4/ancient-house.jpg";21;0
"https://media-cdn.tripadvisor.com/media/photo-s/18/3f/0b/e2/ancient-house.jpg";21;0
"https://media-cdn.tripadvisor.com/media/photo-s/18/3f/0b/e1/ancient-house.jpg";21;0
"https://media-cdn.tripadvisor.com/media/photo-s/18/3f/0b/dc/ancient-house.jpg";21;0
"https://media-cdn.tripadvisor.com/media/photo-s/17/f5/51/b4/photo0jpg.jpg";21;0
"https://media-cdn.tripadvisor.com/media/photo-s/16/5c/ad/20/hallway-to-house.jpg";21;0
"https://media-cdn.tripadvisor.com/media/photo-s/15/f5/c9/44/photo4jpg.jpg";21;0
"https://media-cdn.tripadvisor.com/media/photo-s/07/c2/6c/8d/nha-co-quan-thang.jpg";22;0
"https://media-cdn.tripadvisor.com/media/photo-s/18/db/31/d3/photo0jpg.jpg";22;0
"https://media-cdn.tripadvisor.com/media/photo-s/18/38/a0/93/photo4jpg.jpg";22;0
"https://media-cdn.tripadvisor.com/media/photo-s/18/38/a0/92/photo3jpg.jpg";22;0
"https://media-cdn.tripadvisor.com/media/photo-s/18/38/a0/91/photo2jpg.jpg";22;0
"https://media-cdn.tripadvisor.com/media/photo-s/18/38/a0/90/photo1jpg.jpg";22;0
"https://media-cdn.tripadvisor.com/media/photo-s/18/38/a0/8f/photo0jpg.jpg";22;0
"https://media-cdn.tripadvisor.com/media/photo-s/16/37/2d/ef/photo4jpg.jpg";22;0
"https://media-cdn.tripadvisor.com/media/photo-s/16/37/2d/ed/photo3jpg.jpg";22;0
"https://media-cdn.tripadvisor.com/media/photo-s/16/37/2d/ec/photo2jpg.jpg";22;0
"https://media-cdn.tripadvisor.com/media/photo-s/16/37/2d/ea/photo1jpg.jpg";22;0
"https://media-cdn.tripadvisor.com/media/photo-s/16/37/2d/e9/photo0jpg.jpg";22;0
"https://media-cdn.tripadvisor.com/media/photo-s/14/41/4b/8f/20180819-211726-largejpg.jpg";22;0
"https://media-cdn.tripadvisor.com/media/photo-s/14/1e/08/6f/photo2jpg.jpg";22;0
"https://media-cdn.tripadvisor.com/media/photo-s/14/1e/08/6e/photo1jpg.jpg";22;0
"https://media-cdn.tripadvisor.com/media/photo-s/19/36/f3/48/chuc-thanh-pagoda.jpg";23;0
"https://media-cdn.tripadvisor.com/media/photo-s/19/36/f2/f6/chuc-thanh-pagoda.jpg";23;0
"https://media-cdn.tripadvisor.com/media/photo-s/19/36/f2/c4/chuc-thanh-pagoda.jpg";23;0
"https://media-cdn.tripadvisor.com/media/photo-s/19/36/f2/b2/chuc-thanh-pagoda.jpg";23;0
"https://media-cdn.tripadvisor.com/media/photo-s/11/e1/52/fc/20180124-110228-largejpg.jpg";23;0
"https://media-cdn.tripadvisor.com/media/photo-s/18/a2/97/81/3-pagoda-s.jpg";23;0
"https://media-cdn.tripadvisor.com/media/photo-s/18/a2/96/58/calling-bell.jpg";23;0
"https://media-cdn.tripadvisor.com/media/photo-s/18/a2/95/4e/gardens.jpg";23;0
"https://media-cdn.tripadvisor.com/media/photo-s/18/0b/88/c7/photo2jpg.jpg";23;0
"https://media-cdn.tripadvisor.com/media/photo-w/18/0b/88/c6/photo1jpg.jpg";23;0
"https://media-cdn.tripadvisor.com/media/photo-s/18/0b/88/c4/photo0jpg.jpg";23;0
"https://media-cdn.tripadvisor.com/media/photo-s/17/56/bf/df/chuc-thanh-pagoda.jpg";23;0
"https://media-cdn.tripadvisor.com/media/photo-s/17/56/bf/ab/chuc-thanh-pagoda.jpg";23;0
"https://media-cdn.tripadvisor.com/media/photo-s/17/56/bf/6a/chuc-thanh-pagoda.jpg";23;0
"https://media-cdn.tripadvisor.com/media/photo-s/17/56/bf/32/chuc-thanh-pagoda.jpg";23;0
"https://media-cdn.tripadvisor.com/media/photo-s/08/bf/6b/53/hoa-van-le-nghia.jpg";24;0
"https://media-cdn.tripadvisor.com/media/photo-s/08/bf/6b/2d/hoa-van-le-nghia.jpg";24;0
"https://media-cdn.tripadvisor.com/media/photo-s/17/8e/6a/b4/caption.jpg";24;0
"https://media-cdn.tripadvisor.com/media/photo-s/17/3d/f0/fa/courtyard-looking-out.jpg";24;0
"https://media-cdn.tripadvisor.com/media/photo-s/17/3d/f0/e9/inner-courtyard.jpg";24;0
"https://media-cdn.tripadvisor.com/media/photo-s/17/3d/f0/e2/street-looking-in.jpg";24;0
"https://media-cdn.tripadvisor.com/media/photo-s/16/db/a7/3e/offerings.jpg";24;0
"https://media-cdn.tripadvisor.com/media/photo-s/16/db/a7/1d/boat.jpg";24;0
"https://media-cdn.tripadvisor.com/media/photo-s/16/db/a6/ee/entry.jpg";24;0
"https://media-cdn.tripadvisor.com/media/photo-s/13/f2/31/4e/20180801-155737-largejpg.jpg";24;0
"https://media-cdn.tripadvisor.com/media/photo-s/13/f2/31/4d/20180801-155745-largejpg.jpg";24;0
"https://media-cdn.tripadvisor.com/media/photo-s/13/f2/31/4c/20180801-155838-largejpg.jpg";24;0
"https://media-cdn.tripadvisor.com/media/photo-s/13/f2/31/4a/20180801-155914-largejpg.jpg";24;0
"https://media-cdn.tripadvisor.com/media/photo-s/13/f2/31/49/20180801-155954-largejpg.jpg";24;0
"https://media-cdn.tripadvisor.com/media/photo-s/13/f2/31/47/20180801-160329-largejpg.jpg";24;0
"https://media-cdn.tripadvisor.com/media/photo-p/19/2a/37/77/footmassage-camellia.jpg";26;0
"https://media-cdn.tripadvisor.com/media/photo-s/19/2a/34/9d/camellia-spa-h-i-an-spa.jpg";26;0
"https://media-cdn.tripadvisor.com/media/photo-s/18/4d/33/f1/camellia-spa-hoi-an-foot.jpg";26;0
"https://media-cdn.tripadvisor.com/media/photo-s/18/f3/a0/0d/your-satisfaction-is.jpg";26;0
"https://media-cdn.tripadvisor.com/media/photo-s/18/7e/85/b8/camellia-spa.jpg";26;0
"https://media-cdn.tripadvisor.com/media/photo-s/18/6b/bf/e1/camellia-spa.jpg";26;0
"https://media-cdn.tripadvisor.com/media/photo-s/18/6b/bf/93/camellia-spa.jpg";26;0
"https://media-cdn.tripadvisor.com/media/photo-s/18/57/e1/33/caption.jpg";26;0
"https://media-cdn.tripadvisor.com/media/photo-s/18/57/d7/80/camellia-spa-hoi-an-welcome.jpg";26;0
"https://media-cdn.tripadvisor.com/media/photo-s/18/57/d7/65/camellia-spa-hoi-an-welcome.jpg";26;0
"https://media-cdn.tripadvisor.com/media/photo-s/18/57/d7/42/camellia-spa-hoi-an-welcome.jpg";26;0
"https://media-cdn.tripadvisor.com/media/photo-s/18/57/d7/37/camellia-spa-hoi-an-welcome.jpg";26;0
"https://media-cdn.tripadvisor.com/media/photo-s/18/57/d7/08/camellia-spa-hoi-an-welcome.jpg";26;0
"https://media-cdn.tripadvisor.com/media/photo-p/18/53/7d/74/20190714-161217-largejpg.jpg";26;0
"https://media-cdn.tripadvisor.com/media/photo-p/18/56/f3/0e/here-have-massage-for.jpg";26;0
"https://media-cdn.tripadvisor.com/media/photo-s/14/a0/df/c1/organic-farm.jpg";27;0
"https://media-cdn.tripadvisor.com/media/photo-s/15/f2/5e/8d/family-cooking-class.jpg";27;0
"https://media-cdn.tripadvisor.com/media/photo-s/15/a9/9d/8b/organic-farm-in-hoi-an.jpg";27;0
"https://media-cdn.tripadvisor.com/media/photo-s/17/61/0f/3d/an-farm-hoi-an.jpg";27;0
"https://media-cdn.tripadvisor.com/media/photo-s/17/61/0f/3b/an-farm-hoi-an.jpg";27;0
"https://media-cdn.tripadvisor.com/media/photo-s/17/61/0f/3a/an-farm-hoi-an.jpg";27;0
"https://media-cdn.tripadvisor.com/media/photo-s/17/61/0f/38/an-farm-hoi-an.jpg";27;0
"https://media-cdn.tripadvisor.com/media/photo-s/17/61/0f/37/an-farm-hoi-an.jpg";27;0
"https://media-cdn.tripadvisor.com/media/photo-s/17/61/0f/36/an-farm-hoi-an.jpg";27;0
"https://media-cdn.tripadvisor.com/media/photo-s/17/61/0f/34/an-farm-hoi-an.jpg";27;0
"https://media-cdn.tripadvisor.com/media/photo-s/17/61/0f/31/an-farm-hoi-an.jpg";27;0
"https://media-cdn.tripadvisor.com/media/photo-s/17/2c/ab/1c/20190415-111637-largejpg.jpg";27;0
"https://media-cdn.tripadvisor.com/media/photo-s/17/03/32/8a/moon-erklart-mir-warum.jpg";27;0
"https://media-cdn.tripadvisor.com/media/photo-s/16/03/d9/f2/20181231-163229-largejpg.jpg";27;0
"https://media-cdn.tripadvisor.com/media/photo-s/16/03/d9/f1/20181231-162814-largejpg.jpg";27;0
"https://media-cdn.tripadvisor.com/media/photo-s/0a/f9/ff/da/caption.jpg";28;0
"https://media-cdn.tripadvisor.com/media/photo-s/17/d4/bf/b4/img-20190607-161607-largejpg.jpg";28;0
"https://media-cdn.tripadvisor.com/media/photo-s/17/d4/bf/b3/img-20190607-161813-largejpg.jpg";28;0
"https://media-cdn.tripadvisor.com/media/photo-s/17/d4/bf/b2/img-20190607-162053-largejpg.jpg";28;0
"https://media-cdn.tripadvisor.com/media/photo-s/17/3e/5a/2f/cam-pho-communal-house.jpg";28;0
"https://media-cdn.tripadvisor.com/media/photo-s/17/3e/5a/14/cam-pho-communal-house.jpg";28;0
"https://media-cdn.tripadvisor.com/media/photo-s/17/3e/59/d7/cam-pho-communal-house.jpg";28;0
"https://media-cdn.tripadvisor.com/media/photo-s/17/3e/59/cb/cam-pho-communal-house.jpg";28;0
"https://media-cdn.tripadvisor.com/media/photo-s/15/13/89/7d/japanese-carriage-in.jpg";28;0
"https://media-cdn.tripadvisor.com/media/photo-s/15/13/89/46/entrance-from-the-street.jpg";28;0
"https://media-cdn.tripadvisor.com/media/photo-s/15/13/89/1b/the-temple-complex.jpg";28;0
"https://media-cdn.tripadvisor.com/media/photo-s/14/67/53/c7/cam-pho.jpg";28;0
"https://media-cdn.tripadvisor.com/media/photo-s/14/67/53/ac/cam-pho.jpg";28;0
"https://media-cdn.tripadvisor.com/media/photo-s/12/77/b3/a5/caption.jpg";28;0
"https://media-cdn.tripadvisor.com/media/photo-s/11/eb/ff/d0/japanese-influence.jpg";28;0
"https://media-cdn.tripadvisor.com/media/photo-s/08/f8/db/cb/vinahouse-museum.jpg";29;0
"https://media-cdn.tripadvisor.com/media/photo-s/08/f8/db/c0/vinahouse-museum.jpg";29;0
"https://media-cdn.tripadvisor.com/media/photo-s/08/f8/d9/07/vinahouse-museum.jpg";29;0
"https://media-cdn.tripadvisor.com/media/photo-s/08/f8/d5/20/vinahouse-museum.jpg";29;0
"https://media-cdn.tripadvisor.com/media/photo-s/08/f8/d1/34/vinahouse-museum.jpg";29;0
"https://media-cdn.tripadvisor.com/media/photo-s/08/f8/cf/f2/vinahouse-museum.jpg";29;0
"https://media-cdn.tripadvisor.com/media/photo-s/08/f8/cd/bf/vinahouse-museum.jpg";29;0
"https://media-cdn.tripadvisor.com/media/photo-s/0f/36/4b/e8/entance-of-vietnamese.jpg";29;0
"https://media-cdn.tripadvisor.com/media/photo-s/0f/36/42/03/vietnamese-traditional.jpg";29;0
"https://media-cdn.tripadvisor.com/media/photo-s/16/58/2c/dd/r-t-d-p-yen-tinh-mang.jpg";29;0
"https://media-cdn.tripadvisor.com/media/photo-s/16/58/2c/dc/r-t-d-p-yen-tinh-mang.jpg";29;0
"https://media-cdn.tripadvisor.com/media/photo-s/16/58/2c/da/r-t-d-p-yen-tinh-mang.jpg";29;0
"https://media-cdn.tripadvisor.com/media/photo-s/16/58/2c/d9/r-t-d-p-yen-tinh-mang.jpg";29;0
"https://media-cdn.tripadvisor.com/media/photo-s/16/58/2c/d8/r-t-d-p-yen-tinh-mang.jpg";29;0
"https://media-cdn.tripadvisor.com/media/photo-s/16/58/2c/d7/r-t-d-p-yen-tinh-mang.jpg";29;0
"https://media-cdn.tripadvisor.com/media/photo-s/13/a5/fc/4e/photo5jpg.jpg";30;0
"https://media-cdn.tripadvisor.com/media/photo-s/17/bb/0b/94/photo3jpg.jpg";30;0
"https://media-cdn.tripadvisor.com/media/photo-s/17/bb/0b/92/photo1jpg.jpg";30;0
"https://media-cdn.tripadvisor.com/media/photo-s/17/bb/0b/91/photo0jpg.jpg";30;0
"https://media-cdn.tripadvisor.com/media/photo-s/17/bb/08/20/cua-dai-bridge.jpg";30;0
"https://media-cdn.tripadvisor.com/media/photo-s/17/bb/08/1f/cua-dai-bridge.jpg";30;0
"https://media-cdn.tripadvisor.com/media/photo-s/17/bb/08/1e/cua-dai-bridge.jpg";30;0
"https://media-cdn.tripadvisor.com/media/photo-s/17/bb/08/1d/cua-dai-bridge.jpg";30;0
"https://media-cdn.tripadvisor.com/media/photo-s/17/bb/08/1c/cua-dai-bridge.jpg";30;0
"https://media-cdn.tripadvisor.com/media/photo-s/17/bb/08/1b/cua-dai-bridge.jpg";30;0
"https://media-cdn.tripadvisor.com/media/photo-s/14/da/d9/12/cua-dai-bridge.jpg";30;0
"https://media-cdn.tripadvisor.com/media/photo-s/14/da/d9/0c/cua-dai-bridge.jpg";30;0
"https://media-cdn.tripadvisor.com/media/photo-s/14/da/d9/02/cua-dai-bridge.jpg";30;0
"https://media-cdn.tripadvisor.com/media/photo-s/13/a5/fc/4f/photo6jpg.jpg";30;0
"https://media-cdn.tripadvisor.com/media/photo-s/13/a5/fc/4d/photo4jpg.jpg";30;0
"https://media-cdn.tripadvisor.com/media/photo-s/0e/79/43/04/photo7jpg.jpg";31;0
"https://media-cdn.tripadvisor.com/media/photo-s/17/3e/41/d7/hoi-quan-hai-nam-assembly.jpg";31;0
"https://media-cdn.tripadvisor.com/media/photo-s/17/3e/41/c7/hoi-quan-hai-nam-assembly.jpg";31;0
"https://media-cdn.tripadvisor.com/media/photo-s/17/3e/41/bc/hoi-quan-hai-nam-assembly.jpg";31;0
"https://media-cdn.tripadvisor.com/media/photo-s/17/3e/41/b9/hoi-quan-hai-nam-assembly.jpg";31;0
"https://media-cdn.tripadvisor.com/media/photo-s/17/3e/41/b1/hoi-quan-hai-nam-assembly.jpg";31;0
"https://media-cdn.tripadvisor.com/media/photo-s/17/3e/41/ab/hoi-quan-hai-nam-assembly.jpg";31;0
"https://media-cdn.tripadvisor.com/media/photo-s/17/3e/41/a4/hoi-quan-hai-nam-assembly.jpg";31;0
"https://media-cdn.tripadvisor.com/media/photo-s/17/3e/41/92/hoi-quan-hai-nam-assembly.jpg";31;0
"https://media-cdn.tripadvisor.com/media/photo-s/17/3e/41/40/hoi-quan-hai-nam-assembly.jpg";31;0
"https://media-cdn.tripadvisor.com/media/photo-s/14/3b/0d/f1/photo0jpg.jpg";31;0
"https://media-cdn.tripadvisor.com/media/photo-s/13/44/38/cc/sala-riunioni-congregazione.jpg";31;0
"https://media-cdn.tripadvisor.com/media/photo-s/13/44/38/ab/sala-riunioni-congregazione.jpg";31;0
"https://media-cdn.tripadvisor.com/media/photo-s/13/44/38/94/sala-riunioni-congregazione.jpg";31;0
"https://media-cdn.tripadvisor.com/media/photo-s/12/77/aa/c5/caption.jpg";31;0
"https://media-cdn.tripadvisor.com/media/photo-s/12/56/85/bd/cua-dai-lighthouse.jpg";31;0
"https://media-cdn.tripadvisor.com/media/photo-s/16/5e/5c/cb/20190206-120540-largejpg.jpg";31;0
"https://media-cdn.tripadvisor.com/media/photo-s/16/5e/5c/c9/20190206-120728-largejpg.jpg";31;0
"https://media-cdn.tripadvisor.com/media/photo-s/16/5e/5c/c8/20190206-120805-largejpg.jpg";31;0
"https://media-cdn.tripadvisor.com/media/photo-s/16/5e/5c/c7/20190206-120820-largejpg.jpg";31;0
"https://media-cdn.tripadvisor.com/media/photo-s/16/5e/5c/c6/20190206-120857-largejpg.jpg";31;0
"https://media-cdn.tripadvisor.com/media/photo-s/16/5e/5c/c5/20190206-120913-largejpg.jpg";31;0
"https://media-cdn.tripadvisor.com/media/photo-s/16/5e/5c/c4/20190206-120938-largejpg.jpg";31;0
"https://media-cdn.tripadvisor.com/media/photo-s/16/5e/5c/c3/20190206-120954-largejpg.jpg";31;0
"https://media-cdn.tripadvisor.com/media/photo-s/16/5e/5c/c2/20190206-121027-largejpg.jpg";31;0
"https://media-cdn.tripadvisor.com/media/photo-s/16/5e/5c/c1/20190206-121005-largejpg.jpg";31;0
"https://media-cdn.tripadvisor.com/media/photo-s/15/fd/4b/a1/20190106-143318-largejpg.jpg";31;0
"https://media-cdn.tripadvisor.com/media/photo-p/15/fd/4b/9f/20190106-150111-largejpg.jpg";31;0
"https://media-cdn.tripadvisor.com/media/photo-p/15/fd/4b/9e/20190106-150054-largejpg.jpg";31;0
"https://media-cdn.tripadvisor.com/media/photo-o/15/fd/4b/9d/20190106-143621-largejpg.jpg";31;0
"https://media-cdn.tripadvisor.com/media/photo-s/17/d4/d2/8a/img-20190607-180933-largejpg.jpg";31;0
"https://media-cdn.tripadvisor.com/media/photo-s/18/66/d6/c0/minh-huong-communal-house.jpg";31;0
"https://media-cdn.tripadvisor.com/media/photo-s/18/66/d6/9f/minh-huong-communal-house.jpg";31;0
"https://media-cdn.tripadvisor.com/media/photo-s/18/66/d6/7a/minh-huong-communal-house.jpg";31;0
"https://media-cdn.tripadvisor.com/media/photo-s/18/66/d6/57/minh-huong-communal-house.jpg";31;0
"https://media-cdn.tripadvisor.com/media/photo-s/18/66/d6/28/minh-huong-communal-house.jpg";31;0
"https://media-cdn.tripadvisor.com/media/photo-s/17/d4/d2/8b/img-20190607-181014-largejpg.jpg";31;0
"https://media-cdn.tripadvisor.com/media/photo-s/17/d4/d2/89/img-20190607-180852-largejpg.jpg";31;0
"https://media-cdn.tripadvisor.com/media/photo-s/17/d4/d2/88/img-20190607-180821-largejpg.jpg";31;0
"https://media-cdn.tripadvisor.com/media/photo-s/17/a1/b8/39/caption.jpg";31;0
"https://media-cdn.tripadvisor.com/media/photo-s/17/a1/b8/38/caption.jpg";31;0
"https://media-cdn.tripadvisor.com/media/photo-s/17/a1/b8/36/caption.jpg";31;0
"https://media-cdn.tripadvisor.com/media/photo-s/17/a1/b8/34/caption.jpg";31;0
"https://media-cdn.tripadvisor.com/media/photo-s/17/a1/b8/33/caption.jpg";31;0
"https://media-cdn.tripadvisor.com/media/photo-s/12/56/85/bd/cua-dai-lighthouse.jpg";34;0
"https://media-cdn.tripadvisor.com/media/photo-s/16/5e/5c/cb/20190206-120540-largejpg.jpg";34;0
"https://media-cdn.tripadvisor.com/media/photo-s/16/5e/5c/c9/20190206-120728-largejpg.jpg";34;0
"https://media-cdn.tripadvisor.com/media/photo-s/16/5e/5c/c8/20190206-120805-largejpg.jpg";34;0
"https://media-cdn.tripadvisor.com/media/photo-s/16/5e/5c/c7/20190206-120820-largejpg.jpg";34;0
"https://media-cdn.tripadvisor.com/media/photo-s/16/5e/5c/c6/20190206-120857-largejpg.jpg";34;0
"https://media-cdn.tripadvisor.com/media/photo-s/16/5e/5c/c5/20190206-120913-largejpg.jpg";34;0
"https://media-cdn.tripadvisor.com/media/photo-s/16/5e/5c/c4/20190206-120938-largejpg.jpg";34;0
"https://media-cdn.tripadvisor.com/media/photo-s/16/5e/5c/c3/20190206-120954-largejpg.jpg";34;0
"https://media-cdn.tripadvisor.com/media/photo-s/16/5e/5c/c2/20190206-121027-largejpg.jpg";34;0
"https://media-cdn.tripadvisor.com/media/photo-s/16/5e/5c/c1/20190206-121005-largejpg.jpg";34;0
"https://media-cdn.tripadvisor.com/media/photo-s/15/fd/4b/a1/20190106-143318-largejpg.jpg";34;0
"https://media-cdn.tripadvisor.com/media/photo-p/15/fd/4b/9f/20190106-150111-largejpg.jpg";34;0
"https://media-cdn.tripadvisor.com/media/photo-p/15/fd/4b/9e/20190106-150054-largejpg.jpg";34;0
"https://media-cdn.tripadvisor.com/media/photo-o/15/fd/4b/9d/20190106-143621-largejpg.jpg";34;0
"https://media-cdn.tripadvisor.com/media/photo-s/17/d4/d2/8a/img-20190607-180933-largejpg.jpg";35;0
"https://media-cdn.tripadvisor.com/media/photo-s/18/66/d6/c0/minh-huong-communal-house.jpg";35;0
"https://media-cdn.tripadvisor.com/media/photo-s/18/66/d6/9f/minh-huong-communal-house.jpg";35;0
"https://media-cdn.tripadvisor.com/media/photo-s/18/66/d6/7a/minh-huong-communal-house.jpg";35;0
"https://media-cdn.tripadvisor.com/media/photo-s/18/66/d6/57/minh-huong-communal-house.jpg";35;0
"https://media-cdn.tripadvisor.com/media/photo-s/18/66/d6/28/minh-huong-communal-house.jpg";35;0
"https://media-cdn.tripadvisor.com/media/photo-s/17/d4/d2/8b/img-20190607-181014-largejpg.jpg";35;0
"https://media-cdn.tripadvisor.com/media/photo-s/17/d4/d2/89/img-20190607-180852-largejpg.jpg";35;0
"https://media-cdn.tripadvisor.com/media/photo-s/17/d4/d2/88/img-20190607-180821-largejpg.jpg";35;0
"https://media-cdn.tripadvisor.com/media/photo-s/17/a1/b8/39/caption.jpg";35;0
"https://media-cdn.tripadvisor.com/media/photo-s/17/a1/b8/38/caption.jpg";35;0
"https://media-cdn.tripadvisor.com/media/photo-s/17/a1/b8/36/caption.jpg";35;0
"https://media-cdn.tripadvisor.com/media/photo-s/17/a1/b8/34/caption.jpg";35;0
"https://media-cdn.tripadvisor.com/media/photo-s/17/a1/b8/33/caption.jpg";35;0
"https://media-cdn.tripadvisor.com/media/photo-o/08/e4/0e/b1/caption.jpg";39;0
"https://media-cdn.tripadvisor.com/media/photo-o/0d/fb/ec/7f/caption.jpg";39;0
"https://media-cdn.tripadvisor.com/media/photo-o/0c/9b/70/5b/caption.jpg";39;0
"https://media-cdn.tripadvisor.com/media/photo-l/0c/9b/70/5a/caption.jpg";39;0
"https://media-cdn.tripadvisor.com/media/photo-l/09/ee/00/4e/part-of-tomb.jpg";39;0
"https://media-cdn.tripadvisor.com/media/photo-l/08/e4/0e/a8/caption.jpg";39;0
"https://media-cdn.tripadvisor.com/media/photo-s/10/cf/71/ee/caption.jpg";40;0
"https://media-cdn.tripadvisor.com/media/photo-s/16/74/11/97/caption.jpg";40;0
"https://media-cdn.tripadvisor.com/media/photo-s/16/74/11/02/caption.jpg";40;0
"https://media-cdn.tripadvisor.com/media/photo-s/12/e1/78/da/20180505-180417-largejpg.jpg";40;0
"https://media-cdn.tripadvisor.com/media/photo-s/12/e1/78/d9/20180505-180339-largejpg.jpg";40;0
"https://media-cdn.tripadvisor.com/media/photo-s/12/e1/78/d8/20180505-180306-largejpg.jpg";40;0
"https://media-cdn.tripadvisor.com/media/photo-s/12/e1/78/d7/20180505-180255-largejpg.jpg";40;0
"https://media-cdn.tripadvisor.com/media/photo-s/12/e1/78/d6/20180505-180133-largejpg.jpg";40;0
"https://media-cdn.tripadvisor.com/media/photo-s/12/e1/78/d5/20180505-180233-largejpg.jpg";40;0
"https://media-cdn.tripadvisor.com/media/photo-s/12/e1/78/d3/20180505-180155-largejpg.jpg";40;0
"https://media-cdn.tripadvisor.com/media/photo-s/19/36/d8/cf/cam-nam-bridge.jpg";41;0
"https://media-cdn.tripadvisor.com/media/photo-s/19/36/d8/9e/cam-nam-bridge.jpg";41;0
"https://media-cdn.tripadvisor.com/media/photo-s/19/36/d8/73/cam-nam-bridge.jpg";41;0
"https://media-cdn.tripadvisor.com/media/photo-s/19/36/d8/51/cam-nam-bridge.jpg";41;0
"https://media-cdn.tripadvisor.com/media/photo-s/19/36/d8/3a/cam-nam-bridge.jpg";41;0
"https://media-cdn.tripadvisor.com/media/photo-s/19/36/d8/20/cam-nam-bridge.jpg";41;0
"https://media-cdn.tripadvisor.com/media/photo-s/19/36/d7/f7/cam-nam-bridge.jpg";41;0
"https://media-cdn.tripadvisor.com/media/photo-s/19/36/d7/d6/cam-nam-bridge.jpg";41;0
"https://media-cdn.tripadvisor.com/media/photo-s/19/36/d7/b1/cam-nam-bridge.jpg";41;0
"https://media-cdn.tripadvisor.com/media/photo-s/19/36/d7/a6/cam-nam-bridge.jpg";41;0
"https://media-cdn.tripadvisor.com/media/photo-s/19/36/d7/9b/cam-nam-bridge.jpg";41;0
"https://media-cdn.tripadvisor.com/media/photo-s/19/36/d7/7e/cam-nam-bridge.jpg";41;0
"https://media-cdn.tripadvisor.com/media/photo-s/19/36/d7/5e/cam-nam-bridge.jpg";41;0
"https://media-cdn.tripadvisor.com/media/photo-s/19/36/d7/24/cam-nam-bridge.jpg";41;0
"https://media-cdn.tripadvisor.com/media/photo-s/19/36/d6/e9/cam-nam-bridge.jpg";41;0
"https://media-cdn.tripadvisor.com/media/photo-m/1280/18/d9/09/10/view-r-ng-d-a-b-y-m-u.jpg";42;0
"https://media-cdn.tripadvisor.com/media/photo-o/17/f0/b0/0e/img-20190616-102141-largejpg.jpg";42;0
"https://media-cdn.tripadvisor.com/media/photo-s/17/ed/fe/96/r-ng-d-a-la-noi-tham.jpg";42;0
"https://media-cdn.tripadvisor.com/media/photo-s/0a/6d/c8/ed/pormenor-da-casa.jpg";43;0
"https://media-cdn.tripadvisor.com/media/photo-s/10/81/66/05/caption.jpg";43;0
"https://media-cdn.tripadvisor.com/media/photo-s/0f/38/8f/06/nguyen-tuong-family-chapel.jpg";43;0
"https://media-cdn.tripadvisor.com/media/photo-s/0e/8e/95/71/nguyen-tuong-family-chapel.jpg";43;0
"https://media-cdn.tripadvisor.com/media/photo-s/0e/8e/95/58/nguyen-tuong-family-chapel.jpg";43;0
"https://media-cdn.tripadvisor.com/media/photo-s/0e/8e/95/44/nguyen-tuong-family-chapel.jpg";43;0
"https://media-cdn.tripadvisor.com/media/photo-s/0e/8e/95/20/nguyen-tuong-family-chapel.jpg";43;0
"https://media-cdn.tripadvisor.com/media/photo-s/0e/8e/95/00/nguyen-tuong-family-chapel.jpg";43;0
"https://media-cdn.tripadvisor.com/media/photo-s/0e/8e/94/cd/nguyen-tuong-family-chapel.jpg";43;0
"https://media-cdn.tripadvisor.com/media/photo-s/0e/8e/94/a4/nguyen-tuong-family-chapel.jpg";43;0
"https://media-cdn.tripadvisor.com/media/photo-s/0e/8e/94/6f/nguyen-tuong-family-chapel.jpg";43;0
"https://media-cdn.tripadvisor.com/media/photo-s/0e/8e/94/4f/nguyen-tuong-family-chapel.jpg";43;0
"https://media-cdn.tripadvisor.com/media/photo-s/0e/8e/94/3c/nguyen-tuong-family-chapel.jpg";43;0
"https://media-cdn.tripadvisor.com/media/photo-s/0e/8e/94/25/nguyen-tuong-family-chapel.jpg";43;0
"https://media-cdn.tripadvisor.com/media/photo-s/0e/8e/93/ff/nguyen-tuong-family-chapel.jpg";43;0
"https://media-cdn.tripadvisor.com/media/photo-m/1280/14/0d/83/18/tempio-di-phuoc-lam.jpg";46;0
"https://media-cdn.tripadvisor.com/media/photo-m/1280/14/0d/84/07/tempio-di-phuoc-lam-l.jpg";46;0
"https://media-cdn.tripadvisor.com/media/photo-m/1280/14/0d/82/a9/tempio-di-phuoc-lam.jpg";46;0
"https://media-cdn.tripadvisor.com/media/photo-m/1280/14/0d/82/5a/tempio-di-phuoc-lam.jpg";46;0
"https://media-cdn.tripadvisor.com/media/photo-o/09/15/c0/fa/hy-hoa-temple.jpg";47;0
"https://media-cdn.tripadvisor.com/media/photo-o/10/c0/4e/6d/hy-hoa-temple.jpg";47;0
"https://media-cdn.tripadvisor.com/media/photo-o/0c/a2/1e/41/caption.jpg";47;0
"https://media-cdn.tripadvisor.com/media/photo-s/0e/79/48/f7/photo0jpg.jpg";49;0
"https://media-cdn.tripadvisor.com/media/photo-s/18/c2/97/8d/the-tran-family-home.jpg";49;0
"https://media-cdn.tripadvisor.com/media/photo-s/17/8e/70/10/caption.jpg";49;0
"https://media-cdn.tripadvisor.com/media/photo-s/17/8e/70/0c/caption.jpg";49;0
"https://media-cdn.tripadvisor.com/media/photo-s/17/8e/70/0b/caption.jpg";49;0
"https://media-cdn.tripadvisor.com/media/photo-s/17/2e/86/8c/photo6jpg.jpg";49;0
"https://media-cdn.tripadvisor.com/media/photo-s/17/2e/86/8b/photo5jpg.jpg";49;0
"https://media-cdn.tripadvisor.com/media/photo-s/17/2e/86/8a/photo4jpg.jpg";49;0
"https://media-cdn.tripadvisor.com/media/photo-s/17/2e/86/89/photo3jpg.jpg";49;0
"https://media-cdn.tripadvisor.com/media/photo-s/17/2e/86/88/photo2jpg.jpg";49;0
"https://media-cdn.tripadvisor.com/media/photo-s/17/2e/86/86/photo1jpg.jpg";49;0
"https://media-cdn.tripadvisor.com/media/photo-s/17/2e/86/85/photo0jpg.jpg";49;0
"https://media-cdn.tripadvisor.com/media/photo-s/13/89/5d/c9/one-of-the-souvenir-s.jpg";49;0
"https://media-cdn.tripadvisor.com/media/photo-s/12/f3/d3/e3/giardino-della-casa-della.jpg";49;0
"https://media-cdn.tripadvisor.com/media/photo-s/12/f3/d3/cc/cappella-della-famiglia.jpg";49;0
"https://media-cdn.tripadvisor.com/media/photo-m/1280/14/0d/79/bf/hoi-an-la-pagoda-di-phac.jpg";48;0
"https://media-cdn.tripadvisor.com/media/photo-m/1280/14/0d/79/f1/hoi-an-la-pagoda-di-phac.jpg";48;0
"https://media-cdn.tripadvisor.com/media/photo-w/19/84/07/b1/photo0jpg.jpg";50;0
"https://media-cdn.tripadvisor.com/media/photo-m/1280/19/7d/ed/ab/blue-gift-spa.jpg";50;0
"https://media-cdn.tripadvisor.com/media/daodao/photo-m/1280/19/84/00/78/photo0jpg.jpg";50;0
"https://media-cdn.tripadvisor.com/media/photo-l/19/74/6e/9f/blue-gift-spa.jpg";50;0
"https://media-cdn.tripadvisor.com/media/photo-m/1280/19/74/6e/95/blue-gift-spa.jpg";50;0
"https://media-cdn.tripadvisor.com/media/photo-l/19/74/69/36/blue-gift-spa.jpg";50;0
"https://media-cdn.tripadvisor.com/media/photo-w/19/61/37/98/blue-gift-spa.jpg";50;0
"https://media-cdn.tripadvisor.com/media/photo-w/19/5f/b3/aa/photo3jpg.jpg";50;0
"https://media-cdn.tripadvisor.com/media/photo-w/19/5f/b3/a9/photo2jpg.jpg";50;0
"https://media-cdn.tripadvisor.com/media/photo-m/1280/19/6d/45/10/photo0jpg.jpg";51;0
"https://media-cdn.tripadvisor.com/media/photo-m/1280/19/6d/43/f9/golden-rose-spa.jpg";51;0
"https://media-cdn.tripadvisor.com/media/photo-w/13/57/2d/fc/golden-rose-spa.jpg";51;0
"https://media-cdn.tripadvisor.com/media/photo-w/17/15/b3/99/golden-rose-spa.jpg";51;0
"https://media-cdn.tripadvisor.com/media/photo-o/19/23/5c/34/hoa-h-ng-vang-spa.jpg";51;0
"https://media-cdn.tripadvisor.com/media/photo-o/19/23/5c/31/hoa-h-ng-vang-spa.jpg";51;0
"https://media-cdn.tripadvisor.com/media/photo-o/19/23/5c/33/hoa-h-ng-vang-spa.jpg";51;0
"https://media-cdn.tripadvisor.com/media/photo-w/18/e8/cd/5e/golden-rose-spa.jpg";51;0
"https://media-cdn.tripadvisor.com/media/photo-s/19/80/ac/c3/linh-has-magic-hands.jpg";52;0
"https://media-cdn.tripadvisor.com/media/photo-s/19/7c/1b/98/ozone-spa.jpg";52;0
"https://media-cdn.tripadvisor.com/media/photo-s/19/78/76/01/my-first-experience-at.jpg";52;0
"https://media-cdn.tripadvisor.com/media/photo-s/19/78/76/00/my-first-experience-at.jpg";52;0
"https://media-cdn.tripadvisor.com/media/photo-s/19/78/75/ff/my-first-experience-at.jpg";52;0
"https://media-cdn.tripadvisor.com/media/photo-s/19/76/36/6d/photo0jpg.jpg";52;0
"https://media-cdn.tripadvisor.com/media/photo-s/19/6f/f9/9d/photo0jpg.jpg";52;0
"https://media-cdn.tripadvisor.com/media/photo-s/19/53/7e/48/linh-at-work.jpg";52;0
"https://media-cdn.tripadvisor.com/media/photo-s/19/53/39/24/ozone-spa.jpg";52;0
"https://media-cdn.tripadvisor.com/media/photo-s/19/53/0a/b4/photo0jpg.jpg";52;0
"https://media-cdn.tripadvisor.com/media/photo-s/19/33/22/f0/photo0jpg.jpg";52;0
"https://media-cdn.tripadvisor.com/media/photo-s/19/33/22/67/photo0jpg.jpg";52;0
"https://media-cdn.tripadvisor.com/media/photo-s/19/30/b7/af/ozone-spa.jpg";52;0
"https://media-cdn.tripadvisor.com/media/photo-s/14/6a/72/2e/massage.jpg";52;0
"https://media-cdn.tripadvisor.com/media/photo-s/14/5b/2d/e7/massage.jpg";52;0
"https://media-cdn.tripadvisor.com/media/photo-s/19/8a/51/4f/citrus-health-spa.jpg";53;0
"https://media-cdn.tripadvisor.com/media/photo-s/19/6d/cc/9e/img-20190929-184824-largejpg.jpg";53;0
"https://media-cdn.tripadvisor.com/media/photo-s/19/6d/cc/9d/img-20190929-184834-largejpg.jpg";53;0
"https://media-cdn.tripadvisor.com/media/photo-s/19/6d/cc/9c/img-20190929-183018-largejpg.jpg";53;0
"https://media-cdn.tripadvisor.com/media/photo-s/19/6b/1f/74/photo0jpg.jpg";53;0
"https://media-cdn.tripadvisor.com/media/photo-s/19/33/99/a3/citrus-health-spa.jpg";53;0
"https://media-cdn.tripadvisor.com/media/photo-s/19/33/99/92/citrus-health-spa.jpg";53;0
"https://media-cdn.tripadvisor.com/media/photo-s/19/30/70/6e/photo2jpg.jpg";53;0
"https://media-cdn.tripadvisor.com/media/photo-s/19/30/70/6d/photo1jpg.jpg";53;0
"https://media-cdn.tripadvisor.com/media/photo-s/19/30/70/6c/photo0jpg.jpg";53;0
"https://media-cdn.tripadvisor.com/media/photo-s/0e/10/22/ee/20170103-215226-largejpg.jpg";53;0
"https://media-cdn.tripadvisor.com/media/photo-s/19/0b/56/1a/photo0jpg.jpg";53;0
"https://media-cdn.tripadvisor.com/media/photo-s/18/e1/e2/18/citrus-health-spa.jpg";53;0
"https://media-cdn.tripadvisor.com/media/photo-s/18/ca/cb/93/citrus-health-spa.jpg";53;0
"https://media-cdn.tripadvisor.com/media/photo-s/18/c9/d9/9e/photo0jpg.jpg";53;0
"https://media-cdn.tripadvisor.com/media/photo-s/19/76/24/f5/img-20191002-144339-largejpg.jpg";54;0
"https://media-cdn.tripadvisor.com/media/photo-s/19/76/24/f4/img-20191002-143411-largejpg.jpg";54;0
"https://media-cdn.tripadvisor.com/media/photo-s/19/4a/54/5f/phuoc-lavender-spa.jpg";54;0
"https://media-cdn.tripadvisor.com/media/photo-s/19/68/35/be/eyelash-extension.jpg";54;0
"https://media-cdn.tripadvisor.com/media/photo-s/19/68/34/98/orchil-purple-flower.jpg";54;0
"https://media-cdn.tripadvisor.com/media/photo-s/19/68/32/6b/relaxing-day-for-beautiful.jpg";54;0
"https://media-cdn.tripadvisor.com/media/photo-s/19/68/31/86/enjoy-the-time-together.jpg";54;0
"https://media-cdn.tripadvisor.com/media/photo-s/19/68/30/ad/enjoy-relaxing-time-with.jpg";54;0
"https://media-cdn.tripadvisor.com/media/photo-s/19/68/30/0b/relaxing-day-with-friend.jpg";54;0
"https://media-cdn.tripadvisor.com/media/photo-s/19/68/2f/98/relaxing-day-with-friend.jpg";54;0
"https://media-cdn.tripadvisor.com/media/photo-s/19/68/2e/d5/relaxing-woman-day.jpg";54;0
"https://media-cdn.tripadvisor.com/media/photo-s/19/68/2e/3a/happy-kids-customer.jpg";54;0
"https://media-cdn.tripadvisor.com/media/photo-s/19/68/2d/2b/happy-customer.jpg";54;0
"https://media-cdn.tripadvisor.com/media/photo-s/19/68/2c/91/home-made-aroma-product.jpg";54;0
"https://media-cdn.tripadvisor.com/media/photo-s/19/68/2a/5a/shellac-manicure.jpg";54;0
"https://media-cdn.tripadvisor.com/media/photo-s/19/7d/91/c5/photo1jpg.jpg";55;0
"https://media-cdn.tripadvisor.com/media/photo-s/19/7d/91/c4/photo0jpg.jpg";55;0
"https://media-cdn.tripadvisor.com/media/photo-s/19/64/f5/6d/photo0jpg.jpg";55;0
"https://media-cdn.tripadvisor.com/media/photo-s/19/33/69/65/ta-img-20190911-124956.jpg";55;0
"https://media-cdn.tripadvisor.com/media/photo-s/0b/40/85/39/getlstd-property-photo.jpg";55;0
"https://media-cdn.tripadvisor.com/media/photo-s/0b/04/a7/ac/getlstd-property-photo.jpg";55;0
"https://media-cdn.tripadvisor.com/media/photo-s/0c/7e/1a/78/getlstd-property-photo.jpg";55;0
"https://media-cdn.tripadvisor.com/media/photo-s/0c/62/31/5b/getlstd-property-photo.jpg";55;0
"https://media-cdn.tripadvisor.com/media/photo-s/0b/c9/6d/c2/getlstd-property-photo.jpg";55;0
"https://media-cdn.tripadvisor.com/media/photo-s/0a/de/82/1c/getlstd-property-photo.jpg";55;0
"https://media-cdn.tripadvisor.com/media/photo-w/0d/62/9a/1e/spa-decoration.jpg";55;0
"https://media-cdn.tripadvisor.com/media/photo-s/19/26/b7/aa/be-m-n.jpg";55;0
"https://media-cdn.tripadvisor.com/media/photo-s/18/b0/db/2d/hoi-an-jasmine-spa.jpg";55;0
"https://media-cdn.tripadvisor.com/media/photo-s/18/8d/a6/fc/hoi-an-jasmine-spa.jpg";55;0
"https://media-cdn.tripadvisor.com/media/photo-s/18/85/34/10/jasmine-spa.jpg";55;0
"https://media-cdn.tripadvisor.com/media/photo-s/19/62/71/9a/photo3jpg.jpg";56;0
"https://media-cdn.tripadvisor.com/media/photo-s/19/62/71/99/photo2jpg.jpg";56;0
"https://media-cdn.tripadvisor.com/media/photo-s/19/55/25/e1/photo0jpg.jpg";56;0
"https://media-cdn.tripadvisor.com/media/photo-s/19/55/25/8b/photo0jpg.jpg";56;0
"https://media-cdn.tripadvisor.com/media/photo-s/19/55/25/69/photo0jpg.jpg";56;0
"https://media-cdn.tripadvisor.com/media/photo-s/19/4f/e8/51/photo0jpg.jpg";56;0
"https://media-cdn.tripadvisor.com/media/photo-s/0d/20/42/72/welcome-to-coral-spa.jpg";56;0
"https://media-cdn.tripadvisor.com/media/photo-s/0c/d3/5e/f0/getlstd-property-photo.jpg";56;0
"https://media-cdn.tripadvisor.com/media/photo-s/0c/ba/8d/de/getlstd-property-photo.jpg";56;0
"https://media-cdn.tripadvisor.com/media/photo-s/0c/f6/be/68/getlstd-property-photo.jpg";56;0
"https://media-cdn.tripadvisor.com/media/photo-s/0c/e5/37/8d/getlstd-property-photo.jpg";56;0
"https://media-cdn.tripadvisor.com/media/photo-s/16/1f/cf/d5/welcome-foot-soak.jpg";56;0
"https://media-cdn.tripadvisor.com/media/photo-s/12/a2/8c/bd/20180414-104816-largejpg.jpg";56;0
"https://media-cdn.tripadvisor.com/media/photo-s/12/1a/5f/8a/coral-spa.jpg";56;0
"https://media-cdn.tripadvisor.com/media/photo-s/12/1a/5f/7d/coral-spa.jpg";56;0
"https://media-cdn.tripadvisor.com/media/photo-s/19/8c/82/e1/foot-massage-experience.jpg";57;0
"https://media-cdn.tripadvisor.com/media/photo-s/19/86/7b/f3/welcome-to-white-rose.jpg";57;0
"https://media-cdn.tripadvisor.com/media/photo-s/19/83/5d/5f/what-do-we-usually-do.jpg";57;0
"https://media-cdn.tripadvisor.com/media/photo-s/19/7d/72/1d/vietnamese-signature.jpg";57;0
"https://media-cdn.tripadvisor.com/media/photo-s/19/73/0b/14/muse-of-whiterosespa.jpg";57;0
"https://media-cdn.tripadvisor.com/media/photo-s/19/70/50/e0/couple-rooms-are-available.jpg";57;0
"https://media-cdn.tripadvisor.com/media/photo-s/19/6c/cd/46/i-service-is-a-smile.jpg";57;0
"https://media-cdn.tripadvisor.com/media/photo-s/19/66/97/29/basalt-hot-stone-massage.jpg";57;0
"https://media-cdn.tripadvisor.com/media/photo-s/19/65/35/de/white-rose-spa.jpg";57;0
"https://media-cdn.tripadvisor.com/media/photo-s/19/65/35/db/white-rose-spa.jpg";57;0
"https://media-cdn.tripadvisor.com/media/photo-s/19/65/35/d3/white-rose-spa.jpg";57;0
"https://media-cdn.tripadvisor.com/media/photo-s/19/64/01/c3/using-asian-and-western.jpg";57;0
"https://media-cdn.tripadvisor.com/media/photo-s/19/61/12/d2/free-pick-up-services.jpg";57;0
"https://media-cdn.tripadvisor.com/media/photo-s/19/5e/5d/f4/spa-birthday-party-i.jpg";57;0
"https://media-cdn.tripadvisor.com/media/photo-s/19/5b/d1/3c/signature-herbal-body.jpg";57;0
"https://media-cdn.tripadvisor.com/media/photo-s/19/86/64/8c/the-calm-spa.jpg";59;0
"https://media-cdn.tripadvisor.com/media/photo-s/19/7c/39/18/photo4jpg.jpg";59;0
"https://media-cdn.tripadvisor.com/media/photo-s/19/7c/39/17/photo3jpg.jpg";59;0
"https://media-cdn.tripadvisor.com/media/photo-s/19/7c/39/16/photo2jpg.jpg";59;0
"https://media-cdn.tripadvisor.com/media/photo-s/19/7c/39/15/photo1jpg.jpg";59;0
"https://media-cdn.tripadvisor.com/media/photo-s/19/7c/39/13/photo0jpg.jpg";59;0
"https://media-cdn.tripadvisor.com/media/photo-s/19/69/71/55/photo4jpg.jpg";59;0
"https://media-cdn.tripadvisor.com/media/photo-s/19/69/71/53/photo3jpg.jpg";59;0
"https://media-cdn.tripadvisor.com/media/photo-s/19/69/71/52/photo2jpg.jpg";59;0
"https://media-cdn.tripadvisor.com/media/photo-s/19/69/71/51/photo1jpg.jpg";59;0
"https://media-cdn.tripadvisor.com/media/photo-s/19/69/71/50/photo0jpg.jpg";59;0
"https://media-cdn.tripadvisor.com/media/photo-s/19/71/53/6f/hoi-an-in-rice-season.jpg";59;0
"https://media-cdn.tripadvisor.com/media/photo-s/19/71/52/b3/feeling-vietnamese.jpg";59;0
"https://media-cdn.tripadvisor.com/media/photo-s/19/71/51/a0/a-sunny-day.jpg";59;0
"https://media-cdn.tripadvisor.com/media/photo-s/19/50/d9/5a/would-you-like-to-relax.jpg";59;0
"https://media-cdn.tripadvisor.com/media/photo-s/19/88/13/28/the-castle-spa.jpg";60;0
"https://media-cdn.tripadvisor.com/media/photo-s/19/7d/85/00/the-castle-spa.jpg";60;0
"https://media-cdn.tripadvisor.com/media/photo-s/19/7b/fb/1d/photo0jpg.jpg";60;0
"https://media-cdn.tripadvisor.com/media/photo-s/19/67/e9/0d/photo2jpg.jpg";60;0
"https://media-cdn.tripadvisor.com/media/photo-s/19/65/36/c9/the-castle-spa.jpg";60;0
"https://media-cdn.tripadvisor.com/media/photo-s/19/65/36/a5/the-castle-spa.jpg";60;0
"https://media-cdn.tripadvisor.com/media/photo-s/19/5a/28/6a/the-triple-room.jpg";60;0
"https://media-cdn.tripadvisor.com/media/photo-s/19/3f/c6/7c/photo0jpg.jpg";60;0
"https://media-cdn.tripadvisor.com/media/photo-s/19/3d/f7/af/2019-09-13-16-10-38-112.jpg";60;0
"https://media-cdn.tripadvisor.com/media/photo-s/19/3d/f7/ae/2019-09-13-16-11-18-023.jpg";60;0
"https://media-cdn.tripadvisor.com/media/photo-s/16/92/20/73/getlstd-property-photo.jpg";60;0
"https://media-cdn.tripadvisor.com/media/photo-s/19/16/a9/05/the-castle-spa.jpg";60;0
"https://media-cdn.tripadvisor.com/media/photo-s/19/16/8f/d6/the-castle-spa.jpg";60;0
"https://media-cdn.tripadvisor.com/media/photo-s/19/0d/2e/2d/the-castle-spa.jpg";60;0
"https://media-cdn.tripadvisor.com/media/photo-p/19/0d/2b/66/20190830-200242-largejpg.jpg";60;0
"https://media-cdn.tripadvisor.com/media/photo-s/13/3b/88/d2/pandanus-spa-hoi-an.jpg";61;0
"https://media-cdn.tripadvisor.com/media/photo-s/0b/94/4c/2c/pandanus-spa-hoi-an.jpg";61;0
"https://media-cdn.tripadvisor.com/media/photo-s/05/cf/35/23/getlstd-property-photo.jpg";61;0
"https://media-cdn.tripadvisor.com/media/photo-s/11/d0/41/19/2018-01-19-18-29-15-largejpg.jpg";61;0
"https://media-cdn.tripadvisor.com/media/photo-s/0d/8a/c2/b6/photo0jpg.jpg";61;0
"https://media-cdn.tripadvisor.com/media/photo-s/08/6f/63/c1/pandanus-spa-hoi-an.jpg";61;0
"https://media-cdn.tripadvisor.com/media/photo-p/18/c3/f1/ac/pandanus-spa-hoi-an.jpg";61;0
"https://media-cdn.tripadvisor.com/media/photo-s/18/6e/61/0e/20190723-120954-largejpg.jpg";61;0
"https://media-cdn.tripadvisor.com/media/photo-s/17/a7/86/0b/20190525-125837-largejpg.jpg";61;0
"https://media-cdn.tripadvisor.com/media/photo-s/17/91/08/98/20190513-141300-largejpg.jpg";61;0
"https://media-cdn.tripadvisor.com/media/photo-s/17/91/08/97/20190513-140423-largejpg.jpg";61;0
"https://media-cdn.tripadvisor.com/media/photo-s/17/91/08/96/20190513-121147-largejpg.jpg";61;0
"https://media-cdn.tripadvisor.com/media/photo-s/17/91/08/95/20190513-120933-largejpg.jpg";61;0
"https://media-cdn.tripadvisor.com/media/photo-s/17/91/08/94/20190513-120902-largejpg.jpg";61;0
"https://media-cdn.tripadvisor.com/media/photo-s/17/83/f2/b2/caption.jpg";61;0
"https://media-cdn.tripadvisor.com/media/photo-s/0d/32/50/bd/hoi-an-shining-spa-at.jpg";62;0
"https://media-cdn.tripadvisor.com/media/photo-s/13/70/cb/27/20180623-205744-largejpg.jpg";62;0
"https://media-cdn.tripadvisor.com/media/photo-s/12/e7/b8/c2/hoi-an-shining-spa.jpg";62;0
"https://media-cdn.tripadvisor.com/media/photo-s/11/bc/49/51/photo0jpg.jpg";62;0
"https://media-cdn.tripadvisor.com/media/photo-s/17/8d/eb/14/ta-img-20190517-102607.jpg";62;0
"https://media-cdn.tripadvisor.com/media/photo-s/17/39/51/cf/photo1jpg.jpg";62;0
"https://media-cdn.tripadvisor.com/media/photo-s/17/39/51/ce/photo0jpg.jpg";62;0
"https://media-cdn.tripadvisor.com/media/photo-s/17/39/22/8f/photo0jpg.jpg";62;0
"https://media-cdn.tripadvisor.com/media/photo-s/17/33/8d/aa/photo0jpg.jpg";62;0
"https://media-cdn.tripadvisor.com/media/photo-s/16/d4/8c/cc/ta-img-20190315-185756.jpg";62;0
"https://media-cdn.tripadvisor.com/media/photo-s/16/d4/88/2d/photo3jpg.jpg";62;0
"https://media-cdn.tripadvisor.com/media/photo-s/16/d4/88/2c/photo2jpg.jpg";62;0
"https://media-cdn.tripadvisor.com/media/photo-s/16/d4/88/2a/photo0jpg.jpg";62;0
"https://media-cdn.tripadvisor.com/media/photo-s/16/8f/92/52/img-20190223-wa0000-largejpg.jpg";62;0
"https://media-cdn.tripadvisor.com/media/photo-s/16/8f/91/83/hoi-an-shining-spa.jpg";62;0
"https://media-cdn.tripadvisor.com/media/photo-s/19/73/30/1a/20191001-122654-largejpg.jpg";63;0
"https://media-cdn.tripadvisor.com/media/photo-s/19/5f/17/74/caption.jpg";63;0
"https://media-cdn.tripadvisor.com/media/photo-s/19/5e/83/c1/20190924-125620-hdr-largejpg.jpg";63;0
"https://media-cdn.tripadvisor.com/media/photo-s/19/5c/cb/b4/photo0jpg.jpg";63;0
"https://media-cdn.tripadvisor.com/media/photo-s/19/5c/c3/f9/caption.jpg";63;0
"https://media-cdn.tripadvisor.com/media/photo-s/19/5c/c3/f2/caption.jpg";63;0
"https://media-cdn.tripadvisor.com/media/photo-s/19/5b/93/87/caption.jpg";63;0
"https://media-cdn.tripadvisor.com/media/photo-s/19/5b/92/33/caption.jpg";63;0
"https://media-cdn.tripadvisor.com/media/photo-s/19/52/c7/48/photo0jpg.jpg";63;0
"https://media-cdn.tripadvisor.com/media/photo-s/15/a3/a2/59/getlstd-property-photo.jpg";63;0
"https://media-cdn.tripadvisor.com/media/photo-s/19/0f/c4/61/photo0jpg.jpg";63;0
"https://media-cdn.tripadvisor.com/media/photo-s/19/0f/22/2c/caption.jpg";63;0
"https://media-cdn.tripadvisor.com/media/photo-s/19/0e/fe/57/caption.jpg";63;0
"https://media-cdn.tripadvisor.com/media/photo-s/19/0e/fe/55/caption.jpg";63;0
"https://media-cdn.tripadvisor.com/media/photo-s/19/0e/fe/48/caption.jpg";63;0
"https://media-cdn.tripadvisor.com/media/photo-s/19/6b/40/d8/ylang-ylang-spa.jpg";64;0
"https://media-cdn.tripadvisor.com/media/photo-s/19/43/23/df/photo0jpg.jpg";64;0
"https://media-cdn.tripadvisor.com/media/photo-s/14/d5/73/a4/ylang-ylang-spa.jpg";64;0
"https://media-cdn.tripadvisor.com/media/photo-s/0e/de/94/4b/ylang-ylang-spa.jpg";64;0
"https://media-cdn.tripadvisor.com/media/photo-s/0c/89/33/5f/photo0jpg.jpg";64;0
"https://media-cdn.tripadvisor.com/media/photo-s/12/f3/a3/fe/vip-couple-treatment.jpg";64;0
"https://media-cdn.tripadvisor.com/media/photo-s/15/e1/8f/d8/just-relax.jpg";64;0
"https://media-cdn.tripadvisor.com/media/photo-s/15/e1/8f/d7/just-relax.jpg";64;0
"https://media-cdn.tripadvisor.com/media/photo-s/15/a1/2a/4c/so-nice.jpg";64;0
"https://media-cdn.tripadvisor.com/media/photo-s/18/ac/46/cf/photo1jpg.jpg";64;0
"https://media-cdn.tripadvisor.com/media/photo-s/18/ac/46/ce/photo0jpg.jpg";64;0
"https://media-cdn.tripadvisor.com/media/photo-s/18/a5/13/06/photo0jpg.jpg";64;0
"https://media-cdn.tripadvisor.com/media/photo-s/18/96/a1/57/ta-img-20190801-120411.jpg";64;0
"https://media-cdn.tripadvisor.com/media/photo-s/18/85/93/05/fiz-uma-massagem-maravilhosa.jpg";64;0
"https://media-cdn.tripadvisor.com/media/photo-s/18/65/09/dd/photo1jpg.jpg";64;0
"https://media-cdn.tripadvisor.com/media/photo-s/19/69/fa/00/photo0jpg.jpg";65;0
"https://media-cdn.tripadvisor.com/media/photo-s/19/5d/7e/65/welcome-tea-essential.jpg";65;0
"https://media-cdn.tripadvisor.com/media/photo-s/19/56/0e/dc/aira-hoi-an-spa.jpg";65;0
"https://media-cdn.tripadvisor.com/media/photo-s/19/56/0e/d8/aira-hoi-an-spa.jpg";65;0
"https://media-cdn.tripadvisor.com/media/photo-s/19/56/0e/d4/aira-hoi-an-spa.jpg";65;0
"https://media-cdn.tripadvisor.com/media/photo-s/14/59/a9/2c/relax-rejuvenate-in-a.jpg";65;0
"https://media-cdn.tripadvisor.com/media/photo-s/12/9a/b9/6b/getlstd-property-photo.jpg";65;0
"https://media-cdn.tripadvisor.com/media/photo-s/18/af/d4/d0/photo0jpg.jpg";65;0
"https://media-cdn.tripadvisor.com/media/photo-s/18/4b/cb/b4/ta-img-20190713-154904.jpg";65;0
"https://media-cdn.tripadvisor.com/media/photo-s/18/4b/cd/b1/photo0jpg.jpg";65;0
"https://media-cdn.tripadvisor.com/media/photo-s/17/97/f7/c8/aira-hoi-an-spa.jpg";65;0
"https://media-cdn.tripadvisor.com/media/photo-s/16/c6/3b/ff/photo0jpg.jpg";65;0
"https://media-cdn.tripadvisor.com/media/photo-s/14/d2/d8/ad/photo3jpg.jpg";65;0
"https://media-cdn.tripadvisor.com/media/photo-s/14/d2/d8/ab/photo2jpg.jpg";65;0
"https://media-cdn.tripadvisor.com/media/photo-s/14/d2/d8/aa/photo1jpg.jpg";65;0
"https://media-cdn.tripadvisor.com/media/photo-s/19/5f/46/81/img-20190924-wa0020-largejpg.jpg";67;0
"https://media-cdn.tripadvisor.com/media/photo-s/19/50/41/f4/2-nguyen-hoang-st-hoi.jpg";67;0
"https://media-cdn.tripadvisor.com/media/photo-s/19/50/3e/e5/2-nguyen-hoang-st-hoi.jpg";67;0
"https://media-cdn.tripadvisor.com/media/photo-s/15/17/ee/29/getlstd-property-photo.jpg";67;0
"https://media-cdn.tripadvisor.com/media/photo-s/18/b3/70/47/photo1jpg.jpg";67;0
"https://media-cdn.tripadvisor.com/media/photo-s/18/b3/70/46/photo0jpg.jpg";67;0
"https://media-cdn.tripadvisor.com/media/photo-s/18/60/11/ac/sunam-spa-and-nail-hoi.jpg";67;0
"https://media-cdn.tripadvisor.com/media/photo-s/17/de/bc/48/sunam-spa-and-nail-hoi.jpg";67;0
"https://media-cdn.tripadvisor.com/media/photo-s/17/de/bc/42/sunam-spa-and-nail-hoi.jpg";67;0
"https://media-cdn.tripadvisor.com/media/photo-s/16/d9/77/57/photo0jpg.jpg";67;0
"https://media-cdn.tripadvisor.com/media/photo-s/16/84/ec/3d/gel-french-modern-manicure.jpg";67;0
"https://media-cdn.tripadvisor.com/media/photo-s/15/eb/93/d1/sunam-spa-and-nail-hoi.jpg";67;0
"https://media-cdn.tripadvisor.com/media/photo-s/15/da/c9/fa/photo0jpg.jpg";67;0
"https://media-cdn.tripadvisor.com/media/photo-s/15/95/a7/4a/20181202-194741-largejpg.jpg";67;0
"https://media-cdn.tripadvisor.com/media/photo-s/15/95/a7/49/20181202-183858-largejpg.jpg";67;0
"https://media-cdn.tripadvisor.com/media/photo-s/19/7e/b7/f0/photo0jpg.jpg";68;0
"https://media-cdn.tripadvisor.com/media/photo-s/14/f3/11/a2/denovo-spa.jpg";68;0
"https://media-cdn.tripadvisor.com/media/photo-s/19/26/55/0a/friendly-staff.jpg";68;0
"https://media-cdn.tripadvisor.com/media/photo-s/19/23/d5/94/photo0jpg.jpg";68;0
"https://media-cdn.tripadvisor.com/media/photo-s/18/ec/ed/76/photo2jpg.jpg";68;0
"https://media-cdn.tripadvisor.com/media/photo-s/18/ec/ed/75/photo1jpg.jpg";68;0
"https://media-cdn.tripadvisor.com/media/photo-s/18/ec/ed/74/photo0jpg.jpg";68;0
"https://media-cdn.tripadvisor.com/media/photo-s/18/b6/f6/a9/denovo-spa.jpg";68;0
"https://media-cdn.tripadvisor.com/media/photo-p/18/4a/da/76/ta-img-20190713-083344.jpg";68;0
"https://media-cdn.tripadvisor.com/media/photo-s/18/4b/5d/4f/photo3jpg.jpg";68;0
"https://media-cdn.tripadvisor.com/media/photo-s/18/4b/5d/4e/photo2jpg.jpg";68;0
"https://media-cdn.tripadvisor.com/media/photo-s/18/4b/5d/4d/photo1jpg.jpg";68;0
"https://media-cdn.tripadvisor.com/media/photo-s/18/4b/5d/4c/photo0jpg.jpg";68;0
"https://media-cdn.tripadvisor.com/media/photo-s/18/15/56/ad/photo0jpg.jpg";68;0
"https://media-cdn.tripadvisor.com/media/photo-s/17/f4/12/0f/denovo-spa.jpg";68;0
"https://media-cdn.tripadvisor.com/media/photo-s/19/80/61/08/20191006-125356-largejpg.jpg";69;0
"https://media-cdn.tripadvisor.com/media/photo-s/19/80/61/07/20191006-125403-largejpg.jpg";69;0
"https://media-cdn.tripadvisor.com/media/photo-s/19/80/61/06/20191006-125405-largejpg.jpg";69;0
"https://media-cdn.tripadvisor.com/media/photo-s/19/80/61/05/20191006-125408-largejpg.jpg";69;0
"https://media-cdn.tripadvisor.com/media/photo-s/19/4d/19/2d/la-soie-spa.jpg";69;0
"https://media-cdn.tripadvisor.com/media/photo-s/18/44/45/8b/la-soie-spa.jpg";69;0
"https://media-cdn.tripadvisor.com/media/photo-s/17/d4/67/b2/la-soie-spa-logo.jpg";69;0
"https://media-cdn.tripadvisor.com/media/photo-s/16/99/f3/64/professional-hostess.jpg";69;0
"https://media-cdn.tripadvisor.com/media/photo-s/19/09/51/98/la-soie-spa.jpg";69;0
"https://media-cdn.tripadvisor.com/media/photo-s/18/fa/cf/ce/la-soie-spa.jpg";69;0
"https://media-cdn.tripadvisor.com/media/photo-s/18/fa/cf/cb/la-soie-spa.jpg";69;0
"https://media-cdn.tripadvisor.com/media/photo-s/18/f7/53/99/la-soie-spa.jpg";69;0
"https://media-cdn.tripadvisor.com/media/photo-s/18/f7/53/6f/la-soie-spa.jpg";69;0
"https://media-cdn.tripadvisor.com/media/photo-s/18/da/16/1d/20190819-165230-largejpg.jpg";69;0
"https://media-cdn.tripadvisor.com/media/photo-s/18/cd/13/7f/photo0jpg.jpg";69;0
"https://media-cdn.tripadvisor.com/media/photo-s/14/55/e5/29/spa.jpg";70;0
"https://media-cdn.tripadvisor.com/media/photo-s/0c/74/9c/bd/green-heaven-spa.jpg";70;0
"https://media-cdn.tripadvisor.com/media/photo-s/0d/33/4b/7f/green-heaven-spa.jpg";70;0
"https://media-cdn.tripadvisor.com/media/photo-s/0c/74/9c/c1/green-heaven-spa.jpg";70;0
"https://media-cdn.tripadvisor.com/media/photo-s/17/5e/31/d3/green-heaven-spa.jpg";70;0
"https://media-cdn.tripadvisor.com/media/photo-s/17/28/e5/bc/img-20190414-160122-largejpg.jpg";70;0
"https://media-cdn.tripadvisor.com/media/photo-s/16/7b/f0/50/photo0jpg.jpg";70;0
"https://media-cdn.tripadvisor.com/media/photo-s/16/0a/66/4f/photo1jpg.jpg";70;0
"https://media-cdn.tripadvisor.com/media/photo-s/16/0a/66/4e/photo0jpg.jpg";70;0
"https://media-cdn.tripadvisor.com/media/photo-s/15/ee/bb/dc/green-heaven-spa.jpg";70;0
"https://media-cdn.tripadvisor.com/media/photo-s/15/58/24/58/photo0jpg.jpg";70;0
"https://media-cdn.tripadvisor.com/media/photo-s/14/f4/27/fe/20181006-165827-largejpg.jpg";70;0
"https://media-cdn.tripadvisor.com/media/photo-s/14/21/21/89/20180814-120813-largejpg.jpg";70;0
"https://media-cdn.tripadvisor.com/media/photo-s/13/be/66/d1/photo0jpg.jpg";70;0
"https://media-cdn.tripadvisor.com/media/photo-s/13/9b/d9/73/20180708-133733-largejpg.jpg";70;0
"https://media-cdn.tripadvisor.com/media/photo-s/19/7e/0c/90/photo0jpg.jpg";71;0
"https://media-cdn.tripadvisor.com/media/photo-s/19/62/74/d5/photo1jpg.jpg";71;0
"https://media-cdn.tripadvisor.com/media/photo-s/19/62/74/d4/photo0jpg.jpg";71;0
"https://media-cdn.tripadvisor.com/media/photo-s/19/5c/c2/6e/art-spa.jpg";71;0
"https://media-cdn.tripadvisor.com/media/photo-s/12/7c/32/29/photo0jpg.jpg";71;0
"https://media-cdn.tripadvisor.com/media/photo-s/0e/e4/cd/ab/art-spa-hoian.jpg";71;0
"https://media-cdn.tripadvisor.com/media/photo-s/19/1e/a7/c4/photo5jpg.jpg";71;0
"https://media-cdn.tripadvisor.com/media/photo-s/19/1e/a7/c3/photo4jpg.jpg";71;0
"https://media-cdn.tripadvisor.com/media/photo-s/19/1e/a7/c1/photo3jpg.jpg";71;0
"https://media-cdn.tripadvisor.com/media/photo-s/19/1e/a7/c0/photo2jpg.jpg";71;0
"https://media-cdn.tripadvisor.com/media/photo-s/19/1e/a7/bf/photo1jpg.jpg";71;0
"https://media-cdn.tripadvisor.com/media/photo-s/19/1e/a7/be/photo0jpg.jpg";71;0
"https://media-cdn.tripadvisor.com/media/photo-s/19/0b/7c/5f/art-spa.jpg";71;0
"https://media-cdn.tripadvisor.com/media/photo-s/18/fb/c4/da/20190828-192046-largejpg.jpg";71;0
"https://media-cdn.tripadvisor.com/media/photo-s/18/df/24/06/photo2jpg.jpg";71;0
"https://media-cdn.tripadvisor.com/media/photo-s/0c/75/bc/87/international-day-of.jpg";72;0
"https://media-cdn.tripadvisor.com/media/photo-s/10/38/cd/a0/photo4jpg.jpg";72;0
"https://media-cdn.tripadvisor.com/media/photo-s/19/07/87/ed/nomad-yoga-hoi-an.jpg";72;0
"https://media-cdn.tripadvisor.com/media/photo-s/18/12/60/46/nomad-yoga-hoi-an.jpg";72;0
"https://media-cdn.tripadvisor.com/media/photo-s/17/56/22/21/20190429-121550-largejpg.jpg";72;0
"https://media-cdn.tripadvisor.com/media/photo-s/16/a9/60/4d/photo3jpg.jpg";72;0
"https://media-cdn.tripadvisor.com/media/photo-s/16/a9/60/4b/photo1jpg.jpg";72;0
"https://media-cdn.tripadvisor.com/media/photo-s/16/a9/60/4a/photo0jpg.jpg";72;0
"https://media-cdn.tripadvisor.com/media/photo-s/16/44/99/d2/nomad-yoga-hoi-an.jpg";72;0
"https://media-cdn.tripadvisor.com/media/photo-s/16/16/93/cd/nomad-yoga-hoi-an.jpg";72;0
"https://media-cdn.tripadvisor.com/media/photo-s/15/77/b8/9d/ta-img-20181122-112031.jpg";72;0
"https://media-cdn.tripadvisor.com/media/photo-s/15/77/b8/9c/img-20181122-102805-908.jpg";72;0
"https://media-cdn.tripadvisor.com/media/photo-s/15/77/b8/9b/img-20181122-105330-235.jpg";72;0
"https://media-cdn.tripadvisor.com/media/photo-s/14/51/06/78/nomad-yoga-hoi-an.jpg";72;0
"https://media-cdn.tripadvisor.com/media/photo-s/13/fc/af/3a/photo0jpg.jpg";72;0
"https://media-cdn.tripadvisor.com/media/photo-s/0e/d2/96/1a/getlstd-property-photo.jpg";73;0
"https://media-cdn.tripadvisor.com/media/photo-s/19/17/89/ab/img20190806180223-largejpg.jpg";73;0
"https://media-cdn.tripadvisor.com/media/photo-s/19/16/c7/94/photo0jpg.jpg";73;0
"https://media-cdn.tripadvisor.com/media/photo-s/17/36/be/8e/20190418-125018-largejpg.jpg";73;0
"https://media-cdn.tripadvisor.com/media/photo-s/17/36/be/8d/20190418-125000-largejpg.jpg";73;0
"https://media-cdn.tripadvisor.com/media/photo-s/15/33/8a/ee/ma-spa.jpg";73;0
"https://media-cdn.tripadvisor.com/media/photo-s/15/33/8a/e2/ma-spa.jpg";73;0
"https://media-cdn.tripadvisor.com/media/photo-s/14/d8/7f/33/photo1jpg.jpg";73;0
"https://media-cdn.tripadvisor.com/media/photo-s/14/d8/7f/32/photo0jpg.jpg";73;0
"https://media-cdn.tripadvisor.com/media/photo-s/13/39/7e/cf/herbal-iced-tea-at-ma.jpg";73;0
"https://media-cdn.tripadvisor.com/media/photo-s/11/c5/58/3f/20180114-180855-largejpg.jpg";73;0
"https://media-cdn.tripadvisor.com/media/photo-s/11/c5/58/3e/20180114-174023-largejpg.jpg";73;0
"https://media-cdn.tripadvisor.com/media/photo-s/11/6f/95/79/img-20171129-140702-largejpg.jpg";73;0
"https://media-cdn.tripadvisor.com/media/photo-s/11/6f/95/78/img-20171129-140559-largejpg.jpg";73;0
"https://media-cdn.tripadvisor.com/media/photo-s/11/6f/95/77/img-20171129-140543-largejpg.jpg";73;0
"https://media-cdn.tripadvisor.com/media/photo-s/0e/42/6f/00/image-3.jpg";74;0
"https://media-cdn.tripadvisor.com/media/photo-s/0e/42/6d/48/room.jpg";74;0
"https://media-cdn.tripadvisor.com/media/photo-s/17/e2/16/c3/white-orchids-spa.jpg";74;0
"https://media-cdn.tripadvisor.com/media/photo-s/17/52/00/ad/photo0jpg.jpg";74;0
"https://media-cdn.tripadvisor.com/media/photo-s/17/3c/10/53/photo1jpg.jpg";74;0
"https://media-cdn.tripadvisor.com/media/photo-s/17/3c/10/51/photo0jpg.jpg";74;0
"https://media-cdn.tripadvisor.com/media/photo-s/17/1d/a9/03/white-orchids-spa.jpg";74;0
"https://media-cdn.tripadvisor.com/media/photo-s/17/19/c9/e4/white-orchids-spa.jpg";74;0
"https://media-cdn.tripadvisor.com/media/photo-s/17/19/c9/3d/white-orchids-spa.jpg";74;0
"https://media-cdn.tripadvisor.com/media/photo-s/17/19/23/4e/white-orchids-spa.jpg";74;0
"https://media-cdn.tripadvisor.com/media/photo-s/16/b7/c8/4b/white-orchids-spa.jpg";74;0
"https://media-cdn.tripadvisor.com/media/photo-s/16/b1/fe/9a/white-orchids-spa.jpg";74;0
"https://media-cdn.tripadvisor.com/media/photo-s/16/b1/fe/97/white-orchids-spa.jpg";74;0
"https://media-cdn.tripadvisor.com/media/photo-s/16/b1/fe/8e/white-orchids-spa.jpg";74;0
"https://media-cdn.tripadvisor.com/media/photo-s/16/8d/48/91/white-orchids-spa.jpg";74;0
"https://media-cdn.tripadvisor.com/media/photo-s/0e/22/2d/f2/getlstd-property-photo.jpg";75;0
"https://media-cdn.tripadvisor.com/media/photo-p/17/4f/5b/e6/20190427-180128-largejpg.jpg";75;0
"https://media-cdn.tripadvisor.com/media/photo-p/17/4f/5b/e5/20190427-180118-largejpg.jpg";75;0
"https://media-cdn.tripadvisor.com/media/photo-s/14/93/1c/63/photo2jpg.jpg";75;0
"https://media-cdn.tripadvisor.com/media/photo-s/14/93/1c/61/photo1jpg.jpg";75;0
"https://media-cdn.tripadvisor.com/media/photo-s/14/93/1c/60/photo0jpg.jpg";75;0
"https://media-cdn.tripadvisor.com/media/photo-s/13/4a/09/17/photo0jpg.jpg";75;0
"https://media-cdn.tripadvisor.com/media/photo-s/13/43/2f/ef/photo0jpg.jpg";75;0
"https://media-cdn.tripadvisor.com/media/photo-s/12/35/5a/0f/dsc-0116-largejpg.jpg";75;0
"https://media-cdn.tripadvisor.com/media/photo-s/11/cf/4f/4e/an-oasis-of-relaxation.jpg";75;0
"https://media-cdn.tripadvisor.com/media/photo-s/11/cf/4f/4d/an-oasis-of-relaxation.jpg";75;0
"https://media-cdn.tripadvisor.com/media/photo-s/11/cf/4f/4c/an-oasis-of-relaxation.jpg";75;0
"https://media-cdn.tripadvisor.com/media/photo-s/11/b7/58/2e/photo2jpg.jpg";75;0
"https://media-cdn.tripadvisor.com/media/photo-s/11/b7/58/2d/photo1jpg.jpg";75;0
"https://media-cdn.tripadvisor.com/media/photo-s/11/b7/58/2c/photo0jpg.jpg";75;0
"https://media-cdn.tripadvisor.com/media/photo-s/19/4d/4f/66/new-horizon-spa.jpg";76;0
"https://media-cdn.tripadvisor.com/media/photo-s/19/3d/0f/2b/caption.jpg";76;0
"https://media-cdn.tripadvisor.com/media/photo-s/19/3d/0f/22/caption.jpg";76;0
"https://media-cdn.tripadvisor.com/media/photo-s/19/3d/0f/1e/caption.jpg";76;0
"https://media-cdn.tripadvisor.com/media/photo-s/19/3d/0f/10/caption.jpg";76;0
"https://media-cdn.tripadvisor.com/media/photo-s/19/3d/0f/0b/caption.jpg";76;0
"https://media-cdn.tripadvisor.com/media/photo-s/19/3d/0f/02/caption.jpg";76;0
"https://media-cdn.tripadvisor.com/media/photo-s/19/6f/e1/12/caption.jpg";76;0
"https://media-cdn.tripadvisor.com/media/photo-s/19/69/82/5a/caption.jpg";76;0
"https://media-cdn.tripadvisor.com/media/photo-s/19/69/82/1b/welcome-drink.jpg";76;0
"https://media-cdn.tripadvisor.com/media/photo-s/19/35/f5/01/caption.jpg";76;0
"https://media-cdn.tripadvisor.com/media/photo-s/19/35/f4/cd/caption.jpg";76;0
"https://media-cdn.tripadvisor.com/media/photo-s/18/cd/65/63/caption.jpg";76;0
"https://media-cdn.tripadvisor.com/media/photo-s/18/be/b2/cf/or-20-kakaotalk-newhorizonspa.jpg";76;0
"https://media-cdn.tripadvisor.com/media/photo-s/18/b7/68/05/enjoy-a-great-day-at.jpg";76;0
"https://media-cdn.tripadvisor.com/media/photo-s/19/52/a7/25/lemongrass-flavor-spa.jpg";77;0
"https://media-cdn.tripadvisor.com/media/photo-s/19/52/a7/22/lemongrass-flavor-spa.jpg";77;0
"https://media-cdn.tripadvisor.com/media/photo-p/19/52/a7/1f/lemongrass-flavor-spa.jpg";77;0
"https://media-cdn.tripadvisor.com/media/photo-s/19/52/a7/1d/lemongrass-flavor-spa.jpg";77;0
"https://media-cdn.tripadvisor.com/media/photo-p/19/52/a7/19/lemongrass-flavor-spa.jpg";77;0
"https://media-cdn.tripadvisor.com/media/photo-p/19/52/a7/17/lemongrass-flavor-spa.jpg";77;0
"https://media-cdn.tripadvisor.com/media/photo-s/0d/b4/45/c0/welcome-to-lemongrass.jpg";77;0
"https://media-cdn.tripadvisor.com/media/photo-s/11/06/84/39/on-the-front.jpg";77;0
"https://media-cdn.tripadvisor.com/media/photo-s/0d/b8/b2/29/welcome-to-lemongrass.jpg";77;0
"https://media-cdn.tripadvisor.com/media/photo-s/0d/9d/eb/64/front-of-lemongrass-flavor.jpg";77;0
"https://media-cdn.tripadvisor.com/media/photo-s/18/40/f7/c0/spa-hoi-an.jpg";77;0
"https://media-cdn.tripadvisor.com/media/photo-s/0d/cd/df/9c/welcome-to-lemongrass.jpg";77;0
"https://media-cdn.tripadvisor.com/media/photo-s/0d/0c/2f/9e/the-rooms-with-air-conditioner.jpg";77;0
"https://media-cdn.tripadvisor.com/media/photo-s/18/96/bf/e5/photo1jpg.jpg";77;0
"https://media-cdn.tripadvisor.com/media/photo-s/18/96/bf/e4/photo0jpg.jpg";77;0
